Date,Safe,Amount,To/From,Category,Description
"Jul 11, 2026",0x91c32893216dE3eA0a55ABb9851f581d4503d39b,"-37,145 ENS",0x3466EB008EDD8d5052446293D1a7D212cb65C646,Governance Distribution,Steward vesting distribution
"Jul 3, 2026",0x91c32893216dE3eA0a55ABb9851f581d4503d39b,"-9,500 USDC",0xaa7a0Fff587b5B75BF8c86f838eA74786E0C4930,Services,Secretary + Steward compensation
"Jul 3, 2026",0x91c32893216dE3eA0a55ABb9851f581d4503d39b,"-5,500 USDC",0x75d91395CD36f24f990bbdE69993cB20B96EcFa6,Services,Steward compensation
"Jul 3, 2026",0x91c32893216dE3eA0a55ABb9851f581d4503d39b,"-4,000 USDC",0xf6CC50d8Dff53C10686D3Beb7642AEDd0600F7f7,Services,Steward compensation
"Jul 3, 2026",0x91c32893216dE3eA0a55ABb9851f581d4503d39b,"-4,000 USDC",0xd2cc2e47c2Aecd01C87B83290c0Ee76BA67a7211,Services,Steward compensation
"Jul 3, 2026",0x91c32893216dE3eA0a55ABb9851f581d4503d39b,"-3,000 USDC",0x035eBd096AFa6b98372494C7f08f3402324117D3,Services,Scribe compensation
"Jul 3, 2026",0x91c32893216dE3eA0a55ABb9851f581d4503d39b,"-4,000 USDC",0xA21875a467B43B63aF15A712C3627A70798588FC,Services,Steward compensation
"Jul 3, 2026",0x91c32893216dE3eA0a55ABb9851f581d4503d39b,"-5,500 USDC",0x719e67af46316B931FB93961A02E956B6d2dDdf0,Services,Steward compensation
"Jul 3, 2026",0x91c32893216dE3eA0a55ABb9851f581d4503d39b,"-4,000 USDC",0xB9a0fB254Aea7Bcec79c7bd8052dcd902a5388Ff,Services,Steward compensation
"Jul 3, 2026",0x91c32893216dE3eA0a55ABb9851f581d4503d39b,"-4,000 USDC",0xc02771315d0958F23a64140160E78ECB9bB8614e,Services,Steward compensation
"Jul 3, 2026",0x91c32893216dE3eA0a55ABb9851f581d4503d39b,"-5,500 USDC",0x54BeCc7560a7Be76d72ED76a1f5fee6C5a2A7Ab6,Services,Steward compensation
"Jul 2, 2026",0xcD42b4c4D102cc22864e3A1341Bb0529c17fD87d,"-139,698 USDC",0xFe89cc7aBB2C4183683ab71653C4cdc9B02D44b7,WG Wind Down,Return of funds to DAO
"Jul 2, 2026",0xcD42b4c4D102cc22864e3A1341Bb0529c17fD87d,-200 ENS,0xFe89cc7aBB2C4183683ab71653C4cdc9B02D44b7,WG Wind Down,Return of funds to DAO
"Jul 2, 2026",0xcD42b4c4D102cc22864e3A1341Bb0529c17fD87d,-7.2 ETH,0xFe89cc7aBB2C4183683ab71653C4cdc9B02D44b7,WG Wind Down,Return of funds to DAO
"Jun 30, 2026",0x536013c57DAF01D78e8a70cAd1B1abAda9411819,"-6,123 USDC",0xFe89cc7aBB2C4183683ab71653C4cdc9B02D44b7,WG Wind Down,Return of funds to DAO
"Jun 30, 2026",0xcD42b4c4D102cc22864e3A1341Bb0529c17fD87d,-5.2 ETH,0x1231DEB6f5749EF6cE6943a275A1D3E7486F4EaE,Grants,Public Goods Builder Grants
"Jun 30, 2026",0x2686A8919Df194aA7673244549E68D42C1685d03,-21.2 ETH,0xFe89cc7aBB2C4183683ab71653C4cdc9B02D44b7,WG Wind Down,Return of funds to DAO
"Jun 30, 2026",0x2686A8919Df194aA7673244549E68D42C1685d03,-560 USDC,0x703ae03fB120eC91e9Ed6d08Ce8044E498CC789B,Services,ENS DAO Social media management
"Jun 30, 2026",0x2686A8919Df194aA7673244549E68D42C1685d03,"-18,186 ENS",0xFe89cc7aBB2C4183683ab71653C4cdc9B02D44b7,WG Wind Down,Return of funds to DAO
"Jun 30, 2026",0x2686A8919Df194aA7673244549E68D42C1685d03,"-59,830 USDC",0xFe89cc7aBB2C4183683ab71653C4cdc9B02D44b7,WG Wind Down,Return of funds to DAO
"Jun 30, 2026",0x2686A8919Df194aA7673244549E68D42C1685d03,"-1,500 USDC",0x703ae03fB120eC91e9Ed6d08Ce8044E498CC789B,Services,ENS DAO Newsletter management
"Jun 25, 2026",0x9B9c249Be04dd433c7e8FbBF5E61E6741b89966D,"-25,251 USDC",0xFe89cc7aBB2C4183683ab71653C4cdc9B02D44b7,WG Wind Down,Return of funds to DAO
"Jun 25, 2026",0x9B9c249Be04dd433c7e8FbBF5E61E6741b89966D,-9.8 ETH,0xFe89cc7aBB2C4183683ab71653C4cdc9B02D44b7,WG Wind Down,Return of funds to DAO
"Jun 16, 2026",0x91c32893216dE3eA0a55ABb9851f581d4503d39b,+925 ZIK,0xd15fE25eD0Dba12fE05e7029C88b10C25e8880E3,None,-
"Jun 15, 2026",0x91c32893216dE3eA0a55ABb9851f581d4503d39b,"-1,000 USDC",0x237DeE529A47750bEcdFa8A59a1D766e3e7B5F91,Audit Support,Nethermind audit on Security Council smart contract
"Jun 15, 2026",0x91c32893216dE3eA0a55ABb9851f581d4503d39b,"-2,000 USDC",0xCC87552AC2B603F03618415E2DeC4ED028eA6f20,Services,third party IPS analysis from ethos research
"Jun 15, 2026",0x91c32893216dE3eA0a55ABb9851f581d4503d39b,-180 USDC,0x1D5460F896521aD685Ea4c3F2c679Ec0b6806359,Misc,Security Council multisig hardware wallet reimbursement
"Jun 12, 2026",0x2686A8919Df194aA7673244549E68D42C1685d03,-560 USDC,0x703ae03fB120eC91e9Ed6d08Ce8044E498CC789B,Services,Social Media support compensation
"Jun 12, 2026",0x2686A8919Df194aA7673244549E68D42C1685d03,"-1,500 USDC",0x703ae03fB120eC91e9Ed6d08Ce8044E498CC789B,Services,Newsletter compensation
"Jun 2, 2026",0xcD42b4c4D102cc22864e3A1341Bb0529c17fD87d,-4.3 ETH,0x1231DEB6f5749EF6cE6943a275A1D3E7486F4EaE,Grants,Public Goods Builder Grants
"Jun 2, 2026",0x91c32893216dE3eA0a55ABb9851f581d4503d39b,"-5,500 USDC",0x719e67af46316B931FB93961A02E956B6d2dDdf0,Services,Steward compensation
"Jun 2, 2026",0x91c32893216dE3eA0a55ABb9851f581d4503d39b,"-4,000 USDC",0xf6CC50d8Dff53C10686D3Beb7642AEDd0600F7f7,Services,Steward compensation
"Jun 2, 2026",0x91c32893216dE3eA0a55ABb9851f581d4503d39b,"-4,000 USDC",0xc02771315d0958F23a64140160E78ECB9bB8614e,Services,Steward compensation
"Jun 2, 2026",0x91c32893216dE3eA0a55ABb9851f581d4503d39b,"-4,000 USDC",0xA21875a467B43B63aF15A712C3627A70798588FC,Services,Steward compensation
"Jun 2, 2026",0x91c32893216dE3eA0a55ABb9851f581d4503d39b,"-5,500 USDC",0x75d91395CD36f24f990bbdE69993cB20B96EcFa6,Services,Steward compensation
"Jun 2, 2026",0x91c32893216dE3eA0a55ABb9851f581d4503d39b,"-3,000 USDC",0x035eBd096AFa6b98372494C7f08f3402324117D3,Services,Scribe compensation
"Jun 2, 2026",0x91c32893216dE3eA0a55ABb9851f581d4503d39b,"-4,000 USDC",0xB9a0fB254Aea7Bcec79c7bd8052dcd902a5388Ff,Services,Steward compensation
"Jun 2, 2026",0x91c32893216dE3eA0a55ABb9851f581d4503d39b,"-5,500 USDC",0x54BeCc7560a7Be76d72ED76a1f5fee6C5a2A7Ab6,Services,Steward compensation
"Jun 2, 2026",0x91c32893216dE3eA0a55ABb9851f581d4503d39b,"-4,000 USDC",0xd2cc2e47c2Aecd01C87B83290c0Ee76BA67a7211,Services,Steward compensation
"Jun 2, 2026",0x91c32893216dE3eA0a55ABb9851f581d4503d39b,"-9,500 USDC",0xaa7a0Fff587b5B75BF8c86f838eA74786E0C4930,Services,Secretary + Steward compensation
"May 27, 2026",0xcD42b4c4D102cc22864e3A1341Bb0529c17fD87d,"-17,507 USDC",0x1231DEB6f5749EF6cE6943a275A1D3E7486F4EaE,Grants,Public Goods Builder Grants
"May 26, 2026",0x91c32893216dE3eA0a55ABb9851f581d4503d39b,-2 LINK,0xe16c53595D633318A1141fCCA64E006272049ddF,Misc,tx to cancel ENS proposal chainlink automation
"May 26, 2026",0x91c32893216dE3eA0a55ABb9851f581d4503d39b,-5.0 ETH,0x1F3D3A7A9c548bE39539b39D7400302753E20591,Misc,Gas sponsorship for ENS delegation incentives https://discuss.ens.domains/t/temp-check-delegation-incentives-program/21824
"May 26, 2026",0x91c32893216dE3eA0a55ABb9851f581d4503d39b,+2 LINK,0x6B0B234fB2f380309D47A7E9391E29E9a179395a,Misc,tx to cancel ENS proposal chainlink automation
"May 18, 2026",0x9B9c249Be04dd433c7e8FbBF5E61E6741b89966D,"-1,250 USDC",0x55e5fa8F62Dc38c3A4aCE67909A7849e5B1448bF,Hackathons,ETH Mumbai hackathon winner prizes
"May 18, 2026",0x9B9c249Be04dd433c7e8FbBF5E61E6741b89966D,"-1,250 USDC",0x96584452E582702dDC1e11ef6544096D849Faef7,Hackathons,ETH Mumbai hackathon winner prizes
"May 18, 2026",0x9B9c249Be04dd433c7e8FbBF5E61E6741b89966D,-750 USDC,0x723AA4dd6FFA22CC3158738861a859d3C4cdBB02,Hackathons,ETH Mumbai hackathon winner prizes
"May 18, 2026",0x9B9c249Be04dd433c7e8FbBF5E61E6741b89966D,-375 USDC,0x9A58C933bA633924e7803FfDF81543dc10D0B28f,Hackathons,ETH Mumbai hackathon winner prizes
"May 18, 2026",0x9B9c249Be04dd433c7e8FbBF5E61E6741b89966D,-375 USDC,0xB23449fe186270EDe3468Aaec8F8F943620B563d,Hackathons,ETH Mumbai hackathon winner prizes
"May 8, 2026",0x91c32893216dE3eA0a55ABb9851f581d4503d39b,"-18,000 USDC",0x8320Ea331C2AE27dFA50375C2CFdA614Fdb718DF,Services,Recurring legal counsel fees
"May 1, 2026",0x91c32893216dE3eA0a55ABb9851f581d4503d39b,"-75,000 USDC",0x149B9013d64EB2F6F18f3F8FED8201c7bb7E4Dec,Services,Fulfillment of payment for completion of Metagov.org review
"May 1, 2026",0x2686A8919Df194aA7673244549E68D42C1685d03,-560 USDC,0x703ae03fB120eC91e9Ed6d08Ce8044E498CC789B,Services,Social Media support compensation
"Apr 30, 2026",0x91c32893216dE3eA0a55ABb9851f581d4503d39b,"-5,500 USDC",0x54BeCc7560a7Be76d72ED76a1f5fee6C5a2A7Ab6,Services,Steward Comp
"Apr 30, 2026",0x91c32893216dE3eA0a55ABb9851f581d4503d39b,"-4,000 USDC",0xA21875a467B43B63aF15A712C3627A70798588FC,Services,Steward Comp
"Apr 30, 2026",0x91c32893216dE3eA0a55ABb9851f581d4503d39b,"-3,000 USDC",0x035eBd096AFa6b98372494C7f08f3402324117D3,Services,Scribe Comp
"Apr 30, 2026",0x91c32893216dE3eA0a55ABb9851f581d4503d39b,"-4,000 USDC",0xB9a0fB254Aea7Bcec79c7bd8052dcd902a5388Ff,Services,Steward Comp
"Apr 30, 2026",0x91c32893216dE3eA0a55ABb9851f581d4503d39b,"-4,000 USDC",0xc02771315d0958F23a64140160E78ECB9bB8614e,Services,Steward Comp
"Apr 30, 2026",0x91c32893216dE3eA0a55ABb9851f581d4503d39b,"-5,500 USDC",0x719e67af46316B931FB93961A02E956B6d2dDdf0,Services,Steward Comp
"Apr 30, 2026",0x91c32893216dE3eA0a55ABb9851f581d4503d39b,"-4,000 USDC",0xf6CC50d8Dff53C10686D3Beb7642AEDd0600F7f7,Services,Steward Comp
"Apr 30, 2026",0x91c32893216dE3eA0a55ABb9851f581d4503d39b,"-5,500 USDC",0x75d91395CD36f24f990bbdE69993cB20B96EcFa6,Services,Steward Comp
"Apr 30, 2026",0x91c32893216dE3eA0a55ABb9851f581d4503d39b,"-9,500 USDC",0xaa7a0Fff587b5B75BF8c86f838eA74786E0C4930,Services,Secretary + Steward Comp
"Apr 30, 2026",0x91c32893216dE3eA0a55ABb9851f581d4503d39b,"-4,000 USDC",0xd2cc2e47c2Aecd01C87B83290c0Ee76BA67a7211,Services,Steward Comp
"Apr 29, 2026",0x91c32893216dE3eA0a55ABb9851f581d4503d39b,"-3,600 USDC",0x75d91395CD36f24f990bbdE69993cB20B96EcFa6,Events,Travel Reimbursement ETH CC
"Apr 29, 2026",0x13aEe52C1C688d3554a15556c5353cb0c3696ea2,"-8,490 USDC",0x2686A8919Df194aA7673244549E68D42C1685d03,Internal Transfer,Internal transfer between multisigs
"Apr 29, 2026",0x2686A8919Df194aA7673244549E68D42C1685d03,"+8,490 USDC",0x13aEe52C1C688d3554a15556c5353cb0c3696ea2,Internal Transfer,Internal transfer between multisigs
"Apr 29, 2026",0x13aEe52C1C688d3554a15556c5353cb0c3696ea2,"-1,500 USDC",0x703ae03fB120eC91e9Ed6d08Ce8044E498CC789B,Services,Newsletter Compensation
"Apr 22, 2026",0x9B9c249Be04dd433c7e8FbBF5E61E6741b89966D,"-2,000 USDC",0x0499c1DDd467d92f4105e8738F2C38806F488a63,Hackathons,Sponsorship of ETH Prague
"Apr 21, 2026",0x9B9c249Be04dd433c7e8FbBF5E61E6741b89966D,-150 USDC,0x7416582b6c5b8c3D000Ac7bad430707B8856874d,Hackathons,ETH Prague Hackathon Winner
"Apr 21, 2026",0x9B9c249Be04dd433c7e8FbBF5E61E6741b89966D,-500 USDC,0x522Db203Db77B26De4F748Cb25fC356E9d4ae291,Hackathons,ETH Prague Hackathon Winner
"Apr 21, 2026",0x9B9c249Be04dd433c7e8FbBF5E61E6741b89966D,-250 USDC,0x63ce81E8C47A8FEE9bd93E469d8165aA46AFC308,Hackathons,ETH Prague Hackathon Winner
"Apr 15, 2026",0x2686A8919Df194aA7673244549E68D42C1685d03,"-200,000 USDC",0x50d6Ccf9e9cA7157f058545f0C3b2552041Ae483,Bounty,Immunifi Bug Bounty top up
"Apr 15, 2026",0x2686A8919Df194aA7673244549E68D42C1685d03,-0.5 ETH,0xf540fdFA0a08303C918ad383251ce8C48c42C39A,Misc,ENS Fairy fees refill
"Apr 15, 2026",0x91c32893216dE3eA0a55ABb9851f581d4503d39b,"-18,000 USDC",0x8320Ea331C2AE27dFA50375C2CFdA614Fdb718DF,Services,Legal Services
"Apr 14, 2026",0x2686A8919Df194aA7673244549E68D42C1685d03,-560 USDC,0x703ae03fB120eC91e9Ed6d08Ce8044E498CC789B,Services,Social media support
"Apr 14, 2026",0x9B9c249Be04dd433c7e8FbBF5E61E6741b89966D,-24 USDC,0x4AD21232C417c91eb9337E2E9bb972AB6BC610Ad,Hackathons,ETH India Hackathon participation
"Apr 14, 2026",0x9B9c249Be04dd433c7e8FbBF5E61E6741b89966D,-6 USDC,0x5CBC6DEcEb427ffaBB138Dc9cA433F5b88F6c595,Hackathons,ETH India Hackathon participation
"Apr 14, 2026",0x9B9c249Be04dd433c7e8FbBF5E61E6741b89966D,-6 USDC,0x235c683813C41503d8cD7A998DA6373de562bCdf,Hackathons,ETH India Hackathon participation
"Apr 14, 2026",0x9B9c249Be04dd433c7e8FbBF5E61E6741b89966D,-6 USDC,0xdf0bb22f6aAb8fcB23813B6eF6E1237c3153fc63,Hackathons,ETH India Hackathon participation
"Apr 14, 2026",0x9B9c249Be04dd433c7e8FbBF5E61E6741b89966D,-6 USDC,0x5a01759a739696B81a2f28246c5405e4eCA0D052,Hackathons,ETH India Hackathon participation
"Apr 14, 2026",0x9B9c249Be04dd433c7e8FbBF5E61E6741b89966D,-6 USDC,0x77a10e0297F4622dE88AA954B3505B397E01797B,Hackathons,ETH India Hackathon participation
"Apr 14, 2026",0x9B9c249Be04dd433c7e8FbBF5E61E6741b89966D,-8 USDC,0x0512Ba87b94B1B0EFa19895023A61bc6bb4bbbB2,Hackathons,ETH India Hackathon participation
"Apr 14, 2026",0x9B9c249Be04dd433c7e8FbBF5E61E6741b89966D,-12 USDC,0x256139dBd80836aa14Ff0481f3883cfa3379DA00,Hackathons,ETH India Hackathon participation
"Apr 14, 2026",0x9B9c249Be04dd433c7e8FbBF5E61E6741b89966D,-24 USDC,0x7214086718bE49C1383acd784CFAA09599D8c9db,Hackathons,ETH India Hackathon participation
"Apr 14, 2026",0x9B9c249Be04dd433c7e8FbBF5E61E6741b89966D,-12 USDC,0x7765c41D3594b034e3D1E0742386844d46e9E496,Hackathons,ETH India Hackathon participation
"Apr 14, 2026",0x9B9c249Be04dd433c7e8FbBF5E61E6741b89966D,-24 USDC,0x5b50B15Ff1E5817572E6B9E14b409b3ab392285F,Hackathons,ETH India Hackathon participation
"Apr 14, 2026",0x9B9c249Be04dd433c7e8FbBF5E61E6741b89966D,-6 USDC,0xE143D35744994d4E7D2DaBCD9F8a80040c6b9E01,Hackathons,ETH India Hackathon participation
"Apr 14, 2026",0x9B9c249Be04dd433c7e8FbBF5E61E6741b89966D,-24 USDC,0xFaAd3f4675f07936ff376CdFB90433d1d3CE1D0a,Hackathons,ETH India Hackathon participation
"Apr 14, 2026",0x9B9c249Be04dd433c7e8FbBF5E61E6741b89966D,-12 USDC,0xC3C19fA66640769939A838dcBb78Df7d715F6663,Hackathons,ETH India Hackathon participation
"Apr 14, 2026",0x9B9c249Be04dd433c7e8FbBF5E61E6741b89966D,-12 USDC,0x44a6A5cE59f9B60b1209438dfa01aB4B95c72B23,Hackathons,ETH India Hackathon participation
"Apr 14, 2026",0x9B9c249Be04dd433c7e8FbBF5E61E6741b89966D,-8 USDC,0xd707187453D29b8b3b017A02e4E6d6f6E5222017,Hackathons,ETH India Hackathon participation
"Apr 14, 2026",0x9B9c249Be04dd433c7e8FbBF5E61E6741b89966D,-6 USDC,0x4E0EbCc0D430657aC0c2A0E3e630F7795322B1da,Hackathons,ETH India Hackathon participation
"Apr 14, 2026",0x9B9c249Be04dd433c7e8FbBF5E61E6741b89966D,-8 USDC,0xff1661f01687E6e1c50282256CD23D79EADBFCa4,Hackathons,ETH India Hackathon participation
"Apr 14, 2026",0x9B9c249Be04dd433c7e8FbBF5E61E6741b89966D,-8 USDC,0xff1661f01687E6e1c50282256CD23D79EADBFCa4,Hackathons,ETH India Hackathon participation
"Apr 14, 2026",0x9B9c249Be04dd433c7e8FbBF5E61E6741b89966D,-12 USDC,0x196256511cdD5e4b678e6A08F3d3Ab56117a4b26,Hackathons,ETH India Hackathon participation
"Apr 14, 2026",0x9B9c249Be04dd433c7e8FbBF5E61E6741b89966D,-12 USDC,0xbcc290080bA3ceBBf1be1AAb1dD5A6883F58BB92,Hackathons,ETH India Hackathon participation
"Apr 14, 2026",0x9B9c249Be04dd433c7e8FbBF5E61E6741b89966D,-12 USDC,0xB105152daf87EE919C75C27d5EE21aB70539F622,Hackathons,ETH India Hackathon participation
"Apr 14, 2026",0x9B9c249Be04dd433c7e8FbBF5E61E6741b89966D,-12 USDC,0xB105152daf87EE919C75C27d5EE21aB70539F622,Hackathons,ETH India Hackathon participation
"Apr 14, 2026",0x9B9c249Be04dd433c7e8FbBF5E61E6741b89966D,-6 USDC,0x30957295A38c4cfd8C0E1Ad53366B5aDfb115b1c,Hackathons,ETH India Hackathon participation
"Apr 14, 2026",0x9B9c249Be04dd433c7e8FbBF5E61E6741b89966D,-6 USDC,0x0568E2ABD3Ee2572Aa5a57ce6567309c19DDE311,Hackathons,ETH India Hackathon participation
"Apr 14, 2026",0x9B9c249Be04dd433c7e8FbBF5E61E6741b89966D,-24 USDC,0x3036a0f64071d77DaF1Df445F7741a0Fcc6e3534,Hackathons,ETH India Hackathon participation
"Apr 14, 2026",0x9B9c249Be04dd433c7e8FbBF5E61E6741b89966D,-6 USDC,0x7c08305451147C8372266D4F332D5719F479C5A5,Hackathons,ETH India Hackathon participation
"Apr 14, 2026",0x9B9c249Be04dd433c7e8FbBF5E61E6741b89966D,-24 USDC,0x1BCec551ae49eAA5d3459cCa3a3AA8465a8dd289,Hackathons,ETH India Hackathon participation
"Apr 14, 2026",0x9B9c249Be04dd433c7e8FbBF5E61E6741b89966D,-6 USDC,0xF70f2DA6cB20200da60B5Ae4a98f1Dceb9f98aC2,Hackathons,ETH India Hackathon participation
"Apr 14, 2026",0x9B9c249Be04dd433c7e8FbBF5E61E6741b89966D,-8 USDC,0x20c74AFF88dbD3f373B92adA794A18fA51f39E09,Hackathons,ETH India Hackathon participation
"Apr 14, 2026",0x9B9c249Be04dd433c7e8FbBF5E61E6741b89966D,-6 USDC,0xae21dB93Bac592696261Fd6C3248d12b378F01E4,Hackathons,ETH India Hackathon participation
"Apr 14, 2026",0x9B9c249Be04dd433c7e8FbBF5E61E6741b89966D,-6 USDC,0xF3B87e93e0756036DBf243676acd0110798EBbbF,Hackathons,ETH India Hackathon participation
"Apr 14, 2026",0x9B9c249Be04dd433c7e8FbBF5E61E6741b89966D,-8 USDC,0xff1661f01687E6e1c50282256CD23D79EADBFCa4,Hackathons,ETH India Hackathon participation
"Apr 14, 2026",0x9B9c249Be04dd433c7e8FbBF5E61E6741b89966D,-8 USDC,0xA9B915e67b4A1C3e6e9ca07AF8e82E131A45C074,Hackathons,ETH India Hackathon participation
"Apr 14, 2026",0x9B9c249Be04dd433c7e8FbBF5E61E6741b89966D,-8 USDC,0xAA0bCC39DA540e8E757a240A808c0B1Cb7160805,Hackathons,ETH India Hackathon participation
"Apr 14, 2026",0x9B9c249Be04dd433c7e8FbBF5E61E6741b89966D,-8 USDC,0x1d3056a812615e650dD45935D05964DAe8750fA0,Hackathons,ETH India Hackathon participation
"Apr 14, 2026",0x9B9c249Be04dd433c7e8FbBF5E61E6741b89966D,-6 USDC,0xa3F9Bd2Dd4753B409642b0411fd99CD531F67BeF,Hackathons,ETH India Hackathon participation
"Apr 14, 2026",0x9B9c249Be04dd433c7e8FbBF5E61E6741b89966D,-6 USDC,0xc0Cb3214017E8a7cf60d471DA02acf08f55ec588,Hackathons,ETH India Hackathon participation
"Apr 14, 2026",0x9B9c249Be04dd433c7e8FbBF5E61E6741b89966D,-6 USDC,0x9118ea1B427306B68D7D16f9D44C745dEfD994bc,Hackathons,ETH India Hackathon participation
"Apr 13, 2026",0x13aEe52C1C688d3554a15556c5353cb0c3696ea2,"-1,500 USDC",0x703ae03fB120eC91e9Ed6d08Ce8044E498CC789B,Services,Newsletter payment
"Apr 9, 2026",0x536013c57DAF01D78e8a70cAd1B1abAda9411819,-300 USDC,0x75d91395CD36f24f990bbdE69993cB20B96EcFa6,Events,ETH CC Event Sponsorship
"Apr 9, 2026",0x536013c57DAF01D78e8a70cAd1B1abAda9411819,"-4,700 USDC",0x0a2ee18F9e1c2C42890248dCE23DFb2B6694A462,Events,ETH CC Event Sponsorship
"Apr 6, 2026",0x91c32893216dE3eA0a55ABb9851f581d4503d39b,"-4,000 USDC",0xc02771315d0958F23a64140160E78ECB9bB8614e,Services,Steward compensation
"Apr 6, 2026",0x91c32893216dE3eA0a55ABb9851f581d4503d39b,"-9,500 USDC",0xaa7a0Fff587b5B75BF8c86f838eA74786E0C4930,Services,Secretary + Steward compensation
"Apr 6, 2026",0x91c32893216dE3eA0a55ABb9851f581d4503d39b,"-3,000 USDC",0x035eBd096AFa6b98372494C7f08f3402324117D3,Services,Scribe compensation
"Apr 6, 2026",0x91c32893216dE3eA0a55ABb9851f581d4503d39b,"-5,500 USDC",0x54BeCc7560a7Be76d72ED76a1f5fee6C5a2A7Ab6,Services,Steward compensation
"Apr 6, 2026",0x91c32893216dE3eA0a55ABb9851f581d4503d39b,"-4,000 USDC",0xB9a0fB254Aea7Bcec79c7bd8052dcd902a5388Ff,Services,Steward compensation
"Apr 6, 2026",0x91c32893216dE3eA0a55ABb9851f581d4503d39b,"-4,000 USDC",0xd2cc2e47c2Aecd01C87B83290c0Ee76BA67a7211,Services,Steward compensation
"Apr 6, 2026",0x91c32893216dE3eA0a55ABb9851f581d4503d39b,"-4,000 USDC",0xA21875a467B43B63aF15A712C3627A70798588FC,Services,Steward compensation
"Apr 6, 2026",0x91c32893216dE3eA0a55ABb9851f581d4503d39b,"-4,000 USDC",0xf6CC50d8Dff53C10686D3Beb7642AEDd0600F7f7,Services,Steward compensation
"Apr 6, 2026",0x91c32893216dE3eA0a55ABb9851f581d4503d39b,"-5,500 USDC",0x75d91395CD36f24f990bbdE69993cB20B96EcFa6,Services,Steward compensation
"Apr 6, 2026",0x91c32893216dE3eA0a55ABb9851f581d4503d39b,"-5,500 USDC",0x719e67af46316B931FB93961A02E956B6d2dDdf0,Services,Steward compensation
"Apr 4, 2026",0x91c32893216dE3eA0a55ABb9851f581d4503d39b,+1 HEX,0x6357d3843D715496257e338a878Ab0B72040A918,None,-
"Mar 13, 2026",0x2686A8919Df194aA7673244549E68D42C1685d03,"-8,000 USDC",0x9Cfb3cFA9337B2FE7b1160cAE826021f1fa7139b,Hackathons,ETH Prague Sponsorship
"Mar 6, 2026",0x2686A8919Df194aA7673244549E68D42C1685d03,"-3,000 USDC",0x13aEe52C1C688d3554a15556c5353cb0c3696ea2,Internal Transfer,Ecosystem multisig to Newsletter multisig
"Mar 6, 2026",0x13aEe52C1C688d3554a15556c5353cb0c3696ea2,"+3,000 USDC",0x2686A8919Df194aA7673244549E68D42C1685d03,Internal Transfer,Ecosystem multisig to Newsletter multisig
"Feb 28, 2026",0x2686A8919Df194aA7673244549E68D42C1685d03,-560 USDC,0x703ae03fB120eC91e9Ed6d08Ce8044E498CC789B,Services,Social media management
"Feb 28, 2026",0x13aEe52C1C688d3554a15556c5353cb0c3696ea2,"-1,500 USDC",0x703ae03fB120eC91e9Ed6d08Ce8044E498CC789B,Services,ENS Newsletter
"Feb 28, 2026",0x91c32893216dE3eA0a55ABb9851f581d4503d39b,"-4,000 USDC",0xc02771315d0958F23a64140160E78ECB9bB8614e,Services,Steward compensation
"Feb 28, 2026",0x91c32893216dE3eA0a55ABb9851f581d4503d39b,"-3,000 USDC",0x035eBd096AFa6b98372494C7f08f3402324117D3,Services,Scribe compensation
"Feb 28, 2026",0x91c32893216dE3eA0a55ABb9851f581d4503d39b,"-5,000 USDC",0xC98786D5A7a03C1e74AffCb97fF7eF8a710DA09B,DAO Tooling,Maintenance of discourse forum plugin for onchain vote status
"Feb 28, 2026",0x91c32893216dE3eA0a55ABb9851f581d4503d39b,"-5,500 USDC",0x54BeCc7560a7Be76d72ED76a1f5fee6C5a2A7Ab6,Services,Steward compensation
"Feb 28, 2026",0x91c32893216dE3eA0a55ABb9851f581d4503d39b,"-4,000 USDC",0xf6CC50d8Dff53C10686D3Beb7642AEDd0600F7f7,Services,Steward compensation
"Feb 28, 2026",0x91c32893216dE3eA0a55ABb9851f581d4503d39b,"-2,500 USDC",0xB9a0fB254Aea7Bcec79c7bd8052dcd902a5388Ff,Services,Steward compensation (decreased $1.5k to true up for January lead steward mix up)
"Feb 28, 2026",0x91c32893216dE3eA0a55ABb9851f581d4503d39b,"-4,000 USDC",0xd2cc2e47c2Aecd01C87B83290c0Ee76BA67a7211,Services,Steward compensation
"Feb 28, 2026",0x91c32893216dE3eA0a55ABb9851f581d4503d39b,"-6,000 USDC",0x8320Ea331C2AE27dFA50375C2CFdA614Fdb718DF,Services,January Legal Fees
"Feb 28, 2026",0x91c32893216dE3eA0a55ABb9851f581d4503d39b,"-7,000 USDC",0x719e67af46316B931FB93961A02E956B6d2dDdf0,Services,Steward compensation (increased $1.5k to true up for January lead steward mix up)
"Feb 28, 2026",0x91c32893216dE3eA0a55ABb9851f581d4503d39b,"-9,500 USDC",0xaa7a0Fff587b5B75BF8c86f838eA74786E0C4930,Services,Secretary + Steward compensation
"Feb 28, 2026",0x91c32893216dE3eA0a55ABb9851f581d4503d39b,"-4,000 USDC",0xA21875a467B43B63aF15A712C3627A70798588FC,Services,Steward compensation
"Feb 28, 2026",0x91c32893216dE3eA0a55ABb9851f581d4503d39b,"-5,500 USDC",0x75d91395CD36f24f990bbdE69993cB20B96EcFa6,Services,Steward compensation
"Feb 18, 2026",0x2686A8919Df194aA7673244549E68D42C1685d03,"-242,000 USDC",0x4eFca6c0FAe636613b83AC4e29Cc2662c0955c87,Hackathons,Payment to ETH Global for 2026 Hackathons
"Feb 18, 2026",0xcD42b4c4D102cc22864e3A1341Bb0529c17fD87d,+15.0 ETH,0xFe89cc7aBB2C4183683ab71653C4cdc9B02D44b7,Internal Transfer,WG funding
"Feb 18, 2026",0xcD42b4c4D102cc22864e3A1341Bb0529c17fD87d,"+110,000 USDC",0xFe89cc7aBB2C4183683ab71653C4cdc9B02D44b7,Internal Transfer,WG funding
"Feb 18, 2026",0x2686A8919Df194aA7673244549E68D42C1685d03,"+470,000 USDC",0xFe89cc7aBB2C4183683ab71653C4cdc9B02D44b7,Internal Transfer,WG funding
"Feb 18, 2026",0x91c32893216dE3eA0a55ABb9851f581d4503d39b,"+379,000 USDC",0xFe89cc7aBB2C4183683ab71653C4cdc9B02D44b7,Internal Transfer,WG funding
"Feb 11, 2026",0x2686A8919Df194aA7673244549E68D42C1685d03,"-4,000 USDC",0x6e757bCdA0554bD7255EBD026965a302a9637Ce3,Hackathons,ETHMumbai sponsorship
"Feb 11, 2026",0x2686A8919Df194aA7673244549E68D42C1685d03,"-58,500 USDC",0x716f30B1A22C9e2491Bf356c60c07Ee8d62Be283,Hackathons,ETHGlobal hackathon sponsorship
"Feb 7, 2026",0x91c32893216dE3eA0a55ABb9851f581d4503d39b,"+125,000 USDC",0xFe89cc7aBB2C4183683ab71653C4cdc9B02D44b7,Internal Transfer,[EP 6.28] ENS Retro: Executable Proposal
"Feb 5, 2026",0x2686A8919Df194aA7673244549E68D42C1685d03,-560 USDC,0x703ae03fB120eC91e9Ed6d08Ce8044E498CC789B,Services,Social media management
"Feb 4, 2026",0x13aEe52C1C688d3554a15556c5353cb0c3696ea2,"-1,500 USDC",0x703ae03fB120eC91e9Ed6d08Ce8044E498CC789B,Services,Newsletter management
"Jan 31, 2026",0x91c32893216dE3eA0a55ABb9851f581d4503d39b,"-4,000 USDC",0xd2cc2e47c2Aecd01C87B83290c0Ee76BA67a7211,Services,Steward compensation
"Jan 31, 2026",0x91c32893216dE3eA0a55ABb9851f581d4503d39b,"-5,500 USDC",0x54BeCc7560a7Be76d72ED76a1f5fee6C5a2A7Ab6,Services,Steward compensation
"Jan 31, 2026",0x91c32893216dE3eA0a55ABb9851f581d4503d39b,"-4,000 USDC",0xA21875a467B43B63aF15A712C3627A70798588FC,Services,Steward compensation
"Jan 31, 2026",0x91c32893216dE3eA0a55ABb9851f581d4503d39b,"-4,000 USDC",0xc02771315d0958F23a64140160E78ECB9bB8614e,Services,Steward compensation
"Jan 31, 2026",0x91c32893216dE3eA0a55ABb9851f581d4503d39b,"-4,000 USDC",0x719e67af46316B931FB93961A02E956B6d2dDdf0,Services,Steward compensation
"Jan 31, 2026",0x91c32893216dE3eA0a55ABb9851f581d4503d39b,"-3,000 USDC",0x035eBd096AFa6b98372494C7f08f3402324117D3,Services,Scribe compensation
"Jan 31, 2026",0x91c32893216dE3eA0a55ABb9851f581d4503d39b,"-5,500 USDC",0x75d91395CD36f24f990bbdE69993cB20B96EcFa6,Services,Steward compensation
"Jan 31, 2026",0x91c32893216dE3eA0a55ABb9851f581d4503d39b,"-5,500 USDC",0xB9a0fB254Aea7Bcec79c7bd8052dcd902a5388Ff,Services,Steward compensation
"Jan 31, 2026",0x91c32893216dE3eA0a55ABb9851f581d4503d39b,"-9,500 USDC",0xaa7a0Fff587b5B75BF8c86f838eA74786E0C4930,Services,Secretary + Steward compensation
"Jan 31, 2026",0x91c32893216dE3eA0a55ABb9851f581d4503d39b,"-4,000 USDC",0xf6CC50d8Dff53C10686D3Beb7642AEDd0600F7f7,Services,Steward compensation
"Jan 19, 2026",0xcD42b4c4D102cc22864e3A1341Bb0529c17fD87d,"-3,998 USDC",0x56599392B1995c0345f719d34005F9eCE3af596A,Grants,ICANN Research
"Jan 14, 2026",0x91c32893216dE3eA0a55ABb9851f581d4503d39b,"+99,847 USDC",0x9008D19f58AAbD9eD0D60971565AA8510560ab41,Swap,ETH to USDC
"Jan 14, 2026",0x91c32893216dE3eA0a55ABb9851f581d4503d39b,-30.0 WETH,0x9008D19f58AAbD9eD0D60971565AA8510560ab41,Swap,ETH to USDC
"Jan 14, 2026",0x91c32893216dE3eA0a55ABb9851f581d4503d39b,-30.0 ETH,0xC02aaA39b223FE8D0A0e5C4F27eAD9083C756Cc2,Swap,ETH to USDC
"Jan 14, 2026",0x2686A8919Df194aA7673244549E68D42C1685d03,-560 USDC,0x703ae03fB120eC91e9Ed6d08Ce8044E498CC789B,Services,Social media management
"Jan 14, 2026",0x91c32893216dE3eA0a55ABb9851f581d4503d39b,"-4,000 USDC",0x75d91395CD36f24f990bbdE69993cB20B96EcFa6,Events,Events travel
"Jan 14, 2026",0x91c32893216dE3eA0a55ABb9851f581d4503d39b,"-2,626 USDC",0xe52C39327FF7576bAEc3DBFeF0787bd62dB6d726,DAO Tooling,Reimbursement: Spence Metagov notion
"Jan 9, 2026",0x13aEe52C1C688d3554a15556c5353cb0c3696ea2,"-1,500 USDC",0x703ae03fB120eC91e9Ed6d08Ce8044E498CC789B,Services,December Newsletter compensation
"Jan 3, 2026",0x91c32893216dE3eA0a55ABb9851f581d4503d39b,-5.0 WETH,0x9008D19f58AAbD9eD0D60971565AA8510560ab41,Swap,Swap ETH to USDC for operational buffer
"Jan 3, 2026",0x91c32893216dE3eA0a55ABb9851f581d4503d39b,"+15,459 USDC",0x9008D19f58AAbD9eD0D60971565AA8510560ab41,Swap,Swap ETH to USDC for operational buffer
"Jan 3, 2026",0x91c32893216dE3eA0a55ABb9851f581d4503d39b,-5.0 ETH,0xC02aaA39b223FE8D0A0e5C4F27eAD9083C756Cc2,Swap,Swap ETH to USDC for operational buffer
"Jan 3, 2026",0x91c32893216dE3eA0a55ABb9851f581d4503d39b,"-6,000 USDC",0x8320Ea331C2AE27dFA50375C2CFdA614Fdb718DF,Services,Counsel work for Foundation in December
"Jan 3, 2026",0x91c32893216dE3eA0a55ABb9851f581d4503d39b,"-4,000 USDC",0xA21875a467B43B63aF15A712C3627A70798588FC,Services,Steward comp
"Jan 3, 2026",0x91c32893216dE3eA0a55ABb9851f581d4503d39b,"-5,500 USDC",0x54BeCc7560a7Be76d72ED76a1f5fee6C5a2A7Ab6,Services,Steward comp
"Jan 3, 2026",0x91c32893216dE3eA0a55ABb9851f581d4503d39b,"-5,500 USDC",0x75d91395CD36f24f990bbdE69993cB20B96EcFa6,Services,Steward comp
"Jan 3, 2026",0x91c32893216dE3eA0a55ABb9851f581d4503d39b,"-5,500 USDC",0xB9a0fB254Aea7Bcec79c7bd8052dcd902a5388Ff,Services,Steward comp
"Jan 3, 2026",0x91c32893216dE3eA0a55ABb9851f581d4503d39b,"-4,000 USDC",0xf6CC50d8Dff53C10686D3Beb7642AEDd0600F7f7,Services,Steward comp
"Jan 3, 2026",0x91c32893216dE3eA0a55ABb9851f581d4503d39b,"-3,000 USDC",0x035eBd096AFa6b98372494C7f08f3402324117D3,Services,Scribe Compensation
"Jan 3, 2026",0x91c32893216dE3eA0a55ABb9851f581d4503d39b,"-9,500 USDC",0xaa7a0Fff587b5B75BF8c86f838eA74786E0C4930,Services,Secretary + Steward Compensation
"Jan 3, 2026",0x91c32893216dE3eA0a55ABb9851f581d4503d39b,"-4,000 USDC",0xd2cc2e47c2Aecd01C87B83290c0Ee76BA67a7211,Services,Steward comp
"Jan 3, 2026",0x91c32893216dE3eA0a55ABb9851f581d4503d39b,"-4,000 USDC",0xc02771315d0958F23a64140160E78ECB9bB8614e,Services,Steward comp
"Jan 3, 2026",0x91c32893216dE3eA0a55ABb9851f581d4503d39b,"-4,000 USDC",0x719e67af46316B931FB93961A02E956B6d2dDdf0,Services,Steward comp
"Dec 12, 2025",0x2686A8919Df194aA7673244549E68D42C1685d03,-3.0 ETH,0x481f50a5BdcCC0bc4322C4dca04301433dED50f0,Misc,Fees paid for ENS fairy name registrations
"Dec 6, 2025",0x2686A8919Df194aA7673244549E68D42C1685d03,-560 USDC,0x703ae03fB120eC91e9Ed6d08Ce8044E498CC789B,Services,Social Media Support
"Dec 5, 2025",0x13aEe52C1C688d3554a15556c5353cb0c3696ea2,"-1,500 USDC",0x703ae03fB120eC91e9Ed6d08Ce8044E498CC789B,Services,Newsletter compensation
"Dec 4, 2025",0xcD42b4c4D102cc22864e3A1341Bb0529c17fD87d,-14.0 ETH,0x1231DEB6f5749EF6cE6943a275A1D3E7486F4EaE,Grants,Builder Grants
"Dec 4, 2025",0xcD42b4c4D102cc22864e3A1341Bb0529c17fD87d,+14.1 ETH,0x9008D19f58AAbD9eD0D60971565AA8510560ab41,Swap,ETH to USDC
"Dec 4, 2025",0xcD42b4c4D102cc22864e3A1341Bb0529c17fD87d,"-44,700 USDC",0x9008D19f58AAbD9eD0D60971565AA8510560ab41,Swap,ETH to USDC
"Dec 4, 2025",0x91c32893216dE3eA0a55ABb9851f581d4503d39b,"-4,000 USDC",0x719e67af46316B931FB93961A02E956B6d2dDdf0,Services,Steward compensation
"Dec 4, 2025",0x91c32893216dE3eA0a55ABb9851f581d4503d39b,"-4,000 USDC",0xd2cc2e47c2Aecd01C87B83290c0Ee76BA67a7211,Services,Steward compensation
"Dec 4, 2025",0x91c32893216dE3eA0a55ABb9851f581d4503d39b,"-9,500 USDC",0xaa7a0Fff587b5B75BF8c86f838eA74786E0C4930,Services,Secretary + Steward compensation
"Dec 4, 2025",0x91c32893216dE3eA0a55ABb9851f581d4503d39b,"-5,500 USDC",0xB9a0fB254Aea7Bcec79c7bd8052dcd902a5388Ff,Services,Steward compensation
"Dec 4, 2025",0x91c32893216dE3eA0a55ABb9851f581d4503d39b,"-3,000 USDC",0x035eBd096AFa6b98372494C7f08f3402324117D3,Services,Scribe compensation
"Dec 4, 2025",0x91c32893216dE3eA0a55ABb9851f581d4503d39b,"-4,000 USDC",0xf6CC50d8Dff53C10686D3Beb7642AEDd0600F7f7,Services,Steward compensation
"Dec 4, 2025",0x91c32893216dE3eA0a55ABb9851f581d4503d39b,"-5,500 USDC",0x75d91395CD36f24f990bbdE69993cB20B96EcFa6,Services,Steward compensation
"Dec 4, 2025",0x91c32893216dE3eA0a55ABb9851f581d4503d39b,"-4,000 USDC",0xc02771315d0958F23a64140160E78ECB9bB8614e,Services,Steward compensation
"Dec 4, 2025",0x91c32893216dE3eA0a55ABb9851f581d4503d39b,"-5,500 USDC",0x54BeCc7560a7Be76d72ED76a1f5fee6C5a2A7Ab6,Services,Steward compensation
"Dec 4, 2025",0x91c32893216dE3eA0a55ABb9851f581d4503d39b,"-4,000 USDC",0xA21875a467B43B63aF15A712C3627A70798588FC,Services,Steward compensation
"Dec 3, 2025",0xcD42b4c4D102cc22864e3A1341Bb0529c17fD87d,"-15,100 USDC",0x1231DEB6f5749EF6cE6943a275A1D3E7486F4EaE,Grants,Builder Grants
"Nov 27, 2025",0x91c32893216dE3eA0a55ABb9851f581d4503d39b,-592 USDC,0xa332409aD6a3f302A3401281489d96BCc382237B,Events,Costs associated with ENS Delegates Dinner
"Nov 23, 2025",0x536013c57DAF01D78e8a70cAd1B1abAda9411819,"-9,900 USDC",0xa332409aD6a3f302A3401281489d96BCc382237B,Events,Reimbursement for expenses incurred for Devconnect social event
"Nov 23, 2025",0x536013c57DAF01D78e8a70cAd1B1abAda9411819,"-4,000 USDC",0xa332409aD6a3f302A3401281489d96BCc382237B,Events,Travel Reimbursement for limes related to Devconnect
"Nov 17, 2025",0x9B9c249Be04dd433c7e8FbBF5E61E6741b89966D,-120 USDC,0x1e527408BFC6Fcaf91a7Fb0c80D11F57E8f171Cb,Hackathons,ETH Rome Hackathon Prizes
"Nov 17, 2025",0x9B9c249Be04dd433c7e8FbBF5E61E6741b89966D,-120 USDC,0x39E9617bE6003897a04B6Eb1512e3b40A53E785A,Hackathons,ETH Rome Hackathon Prizes
"Nov 17, 2025",0x9B9c249Be04dd433c7e8FbBF5E61E6741b89966D,"-2,000 USDC",0x5EC5B1906154Dd7517e39628Ef17358204d3f69B,Hackathons,ETH Rome Hackathon Prizes
"Nov 17, 2025",0x9B9c249Be04dd433c7e8FbBF5E61E6741b89966D,-120 USDC,0x343CAc639Cf667Db581361D55BE8cbf712797C1b,Hackathons,ETH Rome Hackathon Prizes
"Nov 17, 2025",0x9B9c249Be04dd433c7e8FbBF5E61E6741b89966D,-120 USDC,0xf2B6E554e41B7593d20D4d592e43bed0E19333C5,Hackathons,ETH Rome Hackathon Prizes
"Nov 17, 2025",0x9B9c249Be04dd433c7e8FbBF5E61E6741b89966D,-120 USDC,0x9BB1CC59c54313476c9F8a61106ed4D2C4982387,Hackathons,ETH Rome Hackathon Prizes
"Nov 17, 2025",0x9B9c249Be04dd433c7e8FbBF5E61E6741b89966D,-120 USDC,0xA542b09753Ab8Ec3f163FB5d05D9ba2EfaC876B1,Hackathons,ETH Rome Hackathon Prizes
"Nov 17, 2025",0x9B9c249Be04dd433c7e8FbBF5E61E6741b89966D,-120 USDC,0xCbB54844951286ebbdfE62C55fe9D78fd0896170,Hackathons,ETH Rome Hackathon Prizes
"Nov 17, 2025",0x9B9c249Be04dd433c7e8FbBF5E61E6741b89966D,-120 USDC,0xfDA3930687c4ad8fcA7799D41C51743f8E94Ce4A,Hackathons,ETH Rome Hackathon Prizes
"Nov 17, 2025",0x9B9c249Be04dd433c7e8FbBF5E61E6741b89966D,-120 USDC,0x1794c4AA0A1ef87f3fd4151efa6a771c26667D13,Hackathons,ETH Rome Hackathon Prizes
"Nov 17, 2025",0x9B9c249Be04dd433c7e8FbBF5E61E6741b89966D,-120 USDC,0x8163EdD7bb4C4311bEeD3e3055A8244B78E89242,Hackathons,ETH Rome Hackathon Prizes
"Nov 17, 2025",0x9B9c249Be04dd433c7e8FbBF5E61E6741b89966D,-120 USDC,0x5732C47bdfFA4b471B7097Bb1506aA193F9A29Ef,Hackathons,ETH Rome Hackathon Prizes
"Nov 17, 2025",0x9B9c249Be04dd433c7e8FbBF5E61E6741b89966D,-120 USDC,0xda6FdD5d7829B1D3AaFb38fA03418d7A3D4fa370,Hackathons,ETH Rome Hackathon Prizes
"Nov 17, 2025",0x9B9c249Be04dd433c7e8FbBF5E61E6741b89966D,-120 USDC,0x4f57c97f76E8d1C889eaA74A02E150BE1e0EDe25,Hackathons,ETH Rome Hackathon Prizes
"Nov 17, 2025",0x9B9c249Be04dd433c7e8FbBF5E61E6741b89966D,-120 USDC,0x272D3090Ac33738a74652B4D74E6df0E19C7D445,Hackathons,ETH Rome Hackathon Prizes
"Nov 17, 2025",0x9B9c249Be04dd433c7e8FbBF5E61E6741b89966D,"-1,000 USDC",0xfB764BDb4B466C271ECcCCb8ab049bDBb68b8170,Hackathons,ETH Rome Hackathon Prizes
"Nov 17, 2025",0x9B9c249Be04dd433c7e8FbBF5E61E6741b89966D,-120 USDC,0x2E80Fa3837C69a1f5b83b05178a2D82BF7ED632A,Hackathons,ETH Rome Hackathon Prizes
"Nov 17, 2025",0x9B9c249Be04dd433c7e8FbBF5E61E6741b89966D,-120 USDC,0x00f02f3a111D452C0DFbF576f09A4003b2F18284,Hackathons,ETH Rome Hackathon Prizes
"Nov 17, 2025",0x9B9c249Be04dd433c7e8FbBF5E61E6741b89966D,-120 USDC,0x13Cf38689f291Df61b8b6F888353e6c5a4EeF530,Hackathons,ETH Rome Hackathon Prizes
"Nov 12, 2025",0xcD42b4c4D102cc22864e3A1341Bb0529c17fD87d,"-4,000 USDC",0x1D5460F896521aD685Ea4c3F2c679Ec0b6806359,Events,Travel reimbursement for Devconnect
"Nov 12, 2025",0xcD42b4c4D102cc22864e3A1341Bb0529c17fD87d,"-4,000 USDC",0x54BeCc7560a7Be76d72ED76a1f5fee6C5a2A7Ab6,Events,Travel reimbursement for Devconnect
"Nov 12, 2025",0xcD42b4c4D102cc22864e3A1341Bb0529c17fD87d,"-2,000 USDC",0x54BeCc7560a7Be76d72ED76a1f5fee6C5a2A7Ab6,Events,Travel Reimbursement for ICANN Conference
"Nov 12, 2025",0xcD42b4c4D102cc22864e3A1341Bb0529c17fD87d,-250 USDC,0x5d3BB9f92BF761618FfabCB01fC5204baE6cB087,Hackathons,ETH Tokyo Hackathon prize
"Nov 12, 2025",0xcD42b4c4D102cc22864e3A1341Bb0529c17fD87d,-250 USDC,0xeF3480b1Ff66B9D87119cbe40F139FDF60729011,Hackathons,ETH Tokyo Hackathon prize
"Nov 11, 2025",0xcD42b4c4D102cc22864e3A1341Bb0529c17fD87d,"-4,485 USDC",0x56599392B1995c0345f719d34005F9eCE3af596A,Services,ICANN Research
"Nov 6, 2025",0x13aEe52C1C688d3554a15556c5353cb0c3696ea2,"-1,500 USDC",0x60dbF50076206F60bCc2Edf9295f5734561B8d77,Services,Newsletter services
"Nov 6, 2025",0x2686A8919Df194aA7673244549E68D42C1685d03,"-15,000 USDC",0x13aEe52C1C688d3554a15556c5353cb0c3696ea2,Internal Transfer,Internal Transfer
"Nov 6, 2025",0x13aEe52C1C688d3554a15556c5353cb0c3696ea2,"+15,000 USDC",0x2686A8919Df194aA7673244549E68D42C1685d03,Internal Transfer,Internal Transfer
"Nov 6, 2025",0x2686A8919Df194aA7673244549E68D42C1685d03,"-1,700 USDC",0x11725b126ff9e4279E4F645c87736a501Aa0eb1A,Services,Monthly Discord moderation services
"Nov 6, 2025",0x2686A8919Df194aA7673244549E68D42C1685d03,-560 USDC,0x60dbF50076206F60bCc2Edf9295f5734561B8d77,Services,Monthly social media management services
"Nov 3, 2025",0x91c32893216dE3eA0a55ABb9851f581d4503d39b,"-3,000 USDC",0x035eBd096AFa6b98372494C7f08f3402324117D3,Services,Scribe Compensation
"Nov 3, 2025",0x91c32893216dE3eA0a55ABb9851f581d4503d39b,"-4,000 USDC",0xc02771315d0958F23a64140160E78ECB9bB8614e,Services,Steward Compensation
"Nov 3, 2025",0x91c32893216dE3eA0a55ABb9851f581d4503d39b,"-5,500 USDC",0x54BeCc7560a7Be76d72ED76a1f5fee6C5a2A7Ab6,Services,Steward Compensation
"Nov 3, 2025",0x91c32893216dE3eA0a55ABb9851f581d4503d39b,-200 ENS,0x3466EB008EDD8d5052446293D1a7D212cb65C646,Governance Distribution,ENS Delegation analysis payment
"Nov 3, 2025",0x91c32893216dE3eA0a55ABb9851f581d4503d39b,"-4,000 USDC",0xA21875a467B43B63aF15A712C3627A70798588FC,Services,Steward Compensation (Spence)
"Nov 3, 2025",0x91c32893216dE3eA0a55ABb9851f581d4503d39b,"-5,500 USDC",0x75d91395CD36f24f990bbdE69993cB20B96EcFa6,Services,Steward Compensation
"Nov 3, 2025",0x91c32893216dE3eA0a55ABb9851f581d4503d39b,"-9,500 USDC",0xaa7a0Fff587b5B75BF8c86f838eA74786E0C4930,Services,Secretary + Steward Compensation
"Nov 3, 2025",0x91c32893216dE3eA0a55ABb9851f581d4503d39b,"-7,500 USDC",0x7F7720BDb2CB5C13dd30a0C8aB8D0dD553b31caA,Services,ENS Delegation analysis payment
"Nov 3, 2025",0x91c32893216dE3eA0a55ABb9851f581d4503d39b,"-4,000 USDC",0x719e67af46316B931FB93961A02E956B6d2dDdf0,Services,Steward Compensation
"Nov 3, 2025",0x91c32893216dE3eA0a55ABb9851f581d4503d39b,"-4,000 USDC",0xd2cc2e47c2Aecd01C87B83290c0Ee76BA67a7211,Services,Steward Compensation
"Nov 3, 2025",0x91c32893216dE3eA0a55ABb9851f581d4503d39b,"-5,500 USDC",0xB9a0fB254Aea7Bcec79c7bd8052dcd902a5388Ff,Services,Steward Compensation
"Nov 3, 2025",0x91c32893216dE3eA0a55ABb9851f581d4503d39b,"-4,000 USDC",0xf6CC50d8Dff53C10686D3Beb7642AEDd0600F7f7,Services,Steward Compensation (Sov)
"Oct 30, 2025",0xcD42b4c4D102cc22864e3A1341Bb0529c17fD87d,-5.0 ETH,0x1231DEB6f5749EF6cE6943a275A1D3E7486F4EaE,Grants,Builder Grants
"Oct 30, 2025",0x2686A8919Df194aA7673244549E68D42C1685d03,"-10,000 USDC",0xE4B23bd52CcB8596E7354f4aE79647095140502b,Grants,ENSdata.net Grant - https://discuss.ens.domains/t/term-6-grants-summary/20320/17?u=limes
"Oct 30, 2025",0x2686A8919Df194aA7673244549E68D42C1685d03,-200 ENS,0xE4B23bd52CcB8596E7354f4aE79647095140502b,Governance Distribution,ENSdata.net Grant - https://discuss.ens.domains/t/term-6-grants-summary/20320/17?u=limes
"Oct 30, 2025",0x2686A8919Df194aA7673244549E68D42C1685d03,-200 ENS,0xC9C022FCFebE730710aE93CA9247c5Ec9d9236d0,Governance Distribution,ENSideas.com API Governance Distribution - https://discuss.ens.domains/t/term-6-grants-summary/20320/18?u=limes
"Oct 30, 2025",0x2686A8919Df194aA7673244549E68D42C1685d03,"-10,000 USDC",0xC9C022FCFebE730710aE93CA9247c5Ec9d9236d0,Grants,ENSideas.com API Grant - https://discuss.ens.domains/t/term-6-grants-summary/20320/18?u=limes
"Oct 30, 2025",0xcD42b4c4D102cc22864e3A1341Bb0529c17fD87d,"-40,000 USDC",0xeF899e80aA814ab8D8e232f9Ed6403A633C727ec,Services,Payment for work on the builder grants platform
"Oct 25, 2025",0x2686A8919Df194aA7673244549E68D42C1685d03,-0.3 ETH,0xf540fdFA0a08303C918ad383251ce8C48c42C39A,Misc,Refill ENS Fairy Bot
"Oct 23, 2025",0x536013c57DAF01D78e8a70cAd1B1abAda9411819,"-4,985 USDC",0xFb8D1a99c9F33DfA712F7d98cc3A5ad7aa235664,Events,Swag for Buenos Aires
"Oct 23, 2025",0x2686A8919Df194aA7673244549E68D42C1685d03,"-30,000 USDC",0x536013c57DAF01D78e8a70cAd1B1abAda9411819,Internal Transfer,Internal transfer
"Oct 23, 2025",0x536013c57DAF01D78e8a70cAd1B1abAda9411819,"+30,000 USDC",0x2686A8919Df194aA7673244549E68D42C1685d03,Internal Transfer,Internal transfer
"Oct 21, 2025",0xcD42b4c4D102cc22864e3A1341Bb0529c17fD87d,"-3,315 USDC",0x56599392B1995c0345f719d34005F9eCE3af596A,Grants,Public ICANN Research
"Oct 7, 2025",0x91c32893216dE3eA0a55ABb9851f581d4503d39b,"-5,500 USDC",0xB9a0fB254Aea7Bcec79c7bd8052dcd902a5388Ff,Services,Steward compensation
"Oct 7, 2025",0x91c32893216dE3eA0a55ABb9851f581d4503d39b,"-4,000 USDC",0xc02771315d0958F23a64140160E78ECB9bB8614e,Services,Steward compensation
"Oct 7, 2025",0x91c32893216dE3eA0a55ABb9851f581d4503d39b,"-4,000 USDC",0xd2cc2e47c2Aecd01C87B83290c0Ee76BA67a7211,Services,Steward compensation
"Oct 7, 2025",0x91c32893216dE3eA0a55ABb9851f581d4503d39b,"-9,500 USDC",0xaa7a0Fff587b5B75BF8c86f838eA74786E0C4930,Services,Secretary + Steward compensation
"Oct 7, 2025",0x91c32893216dE3eA0a55ABb9851f581d4503d39b,"-4,000 USDC",0x719e67af46316B931FB93961A02E956B6d2dDdf0,Services,Steward compensation
"Oct 7, 2025",0x91c32893216dE3eA0a55ABb9851f581d4503d39b,"-5,500 USDC",0x54BeCc7560a7Be76d72ED76a1f5fee6C5a2A7Ab6,Services,Steward compensation
"Oct 7, 2025",0x91c32893216dE3eA0a55ABb9851f581d4503d39b,"-4,000 USDC",0xA21875a467B43B63aF15A712C3627A70798588FC,Services,Steward compensation
"Oct 7, 2025",0x91c32893216dE3eA0a55ABb9851f581d4503d39b,"-5,500 USDC",0x75d91395CD36f24f990bbdE69993cB20B96EcFa6,Services,Steward compensation
"Oct 7, 2025",0x91c32893216dE3eA0a55ABb9851f581d4503d39b,"-3,000 USDC",0x035eBd096AFa6b98372494C7f08f3402324117D3,Services,Scribe compensation
"Oct 7, 2025",0x91c32893216dE3eA0a55ABb9851f581d4503d39b,"-4,000 USDC",0xf6CC50d8Dff53C10686D3Beb7642AEDd0600F7f7,Services,Steward compensation
"Oct 7, 2025",0x91c32893216dE3eA0a55ABb9851f581d4503d39b,-400 ENS,0x3466EB008EDD8d5052446293D1a7D212cb65C646,Governance Distribution,OpenBox proposal council compensation
"Oct 7, 2025",0x91c32893216dE3eA0a55ABb9851f581d4503d39b,"-10,000 USDC",0xAC50cE326de14dDF9b7e9611Cd2F33a1Af8aC039,Services,OpenBox proposal council compensation
"Oct 7, 2025",0x91c32893216dE3eA0a55ABb9851f581d4503d39b,"-10,000 USDC",0xd2cc2e47c2Aecd01C87B83290c0Ee76BA67a7211,Services,OpenBox proposal council compensation
"Oct 4, 2025",0x2686A8919Df194aA7673244549E68D42C1685d03,"-1,700 USDC",0x11725b126ff9e4279E4F645c87736a501Aa0eb1A,Services,Discord management compensation
"Oct 4, 2025",0x2686A8919Df194aA7673244549E68D42C1685d03,-560 USDC,0x60dbF50076206F60bCc2Edf9295f5734561B8d77,Services,Social media management compensation
"Oct 3, 2025",0x13aEe52C1C688d3554a15556c5353cb0c3696ea2,"-1,500 USDC",0x60dbF50076206F60bCc2Edf9295f5734561B8d77,Services,Newsletter compensation
"Oct 2, 2025",0xcD42b4c4D102cc22864e3A1341Bb0529c17fD87d,"-4,000 USDC",0x126d563972A46179adD6a8723dC837eBffE80Ce0,Events,Travel Reimbursement for DAO Tokyo
"Sep 25, 2025",0xcD42b4c4D102cc22864e3A1341Bb0529c17fD87d,+1 USDC,0x247bBC59018e32dE41A5748Dd7F4c7Fe0f3E583C,None,-
"Sep 25, 2025",0xcD42b4c4D102cc22864e3A1341Bb0529c17fD87d,"-3,803 USDC",0x56599392B1995c0345f719d34005F9eCE3af596A,Grants,Public ICANN Research
"Sep 25, 2025",0xcD42b4c4D102cc22864e3A1341Bb0529c17fD87d,"-75,000 USDC",0x247B57471Ff9F4c99759eBCa3ADF59c1a8F3583c,Grants,Grant for Argot - https://discuss.ens.domains/t/ens-public-goods-working-group-funding-argot/21443
"Sep 25, 2025",0xcD42b4c4D102cc22864e3A1341Bb0529c17fD87d,"-24,000 USDC",0x1231DEB6f5749EF6cE6943a275A1D3E7486F4EaE,Grants,Builder grants - https://builder.ensgrants.xyz/
"Sep 24, 2025",0x2686A8919Df194aA7673244549E68D42C1685d03,-0.5 ETH,0xbF7877303B90297E7489AA1C067106331DfF7288,Grants,Ecosystem Mini-Grant https://discuss.ens.domains/t/term-6-grants-summary/20320/16?u=limes
"Sep 21, 2025",0x2686A8919Df194aA7673244549E68D42C1685d03,-0.3 ETH,0x80578A09a9C4AA2A7290cd383e21c4E9be7c0675,Grants,Ecosystem Mini Grant https://discuss.ens.domains/t/term-6-grants-summary/20320/16?u=limes
"Sep 21, 2025",0x2686A8919Df194aA7673244549E68D42C1685d03,-0.3 ETH,0x20cf4a4fa11BeC740b4804949DE432bF8D1BbB65,Grants,Ecosystem Mini Grant https://discuss.ens.domains/t/term-6-grants-summary/20320/16?u=limes
"Sep 21, 2025",0x2686A8919Df194aA7673244549E68D42C1685d03,-0.5 ETH,0xC036672D38FD8fB03aDFc510869f94c88F00c538,Grants,Ecosystem Mini Grant https://discuss.ens.domains/t/term-6-grants-summary/20320/16?u=limes
"Sep 21, 2025",0x2686A8919Df194aA7673244549E68D42C1685d03,-1.0 ETH,0x1C0Aa8cCD568d90d61659F060D1bFb1e6f855A20,Grants,Ecosystem Mini Grant https://discuss.ens.domains/t/term-6-grants-summary/20320/16?u=limes
"Sep 21, 2025",0x2686A8919Df194aA7673244549E68D42C1685d03,-0.5 ETH,0x38269215091e4fFf0DE6E0bd4DDF7e82d11f8957,Grants,Ecosystem Mini Grant https://discuss.ens.domains/t/term-6-grants-summary/20320/16?u=limes
"Sep 21, 2025",0x2686A8919Df194aA7673244549E68D42C1685d03,-0.5 ETH,0x89643F974C24287b290f39870A9273E3f08f263C,Grants,Ecosystem Mini Grant https://discuss.ens.domains/t/term-6-grants-summary/20320/16?u=limes
"Sep 4, 2025",0x2686A8919Df194aA7673244549E68D42C1685d03,"-1,700 USDC",0x11725b126ff9e4279E4F645c87736a501Aa0eb1A,Services,Discord Support
"Sep 4, 2025",0x2686A8919Df194aA7673244549E68D42C1685d03,-560 USDC,0x60dbF50076206F60bCc2Edf9295f5734561B8d77,Services,Social Media Support
"Sep 4, 2025",0x13aEe52C1C688d3554a15556c5353cb0c3696ea2,"-1,500 USDC",0x60dbF50076206F60bCc2Edf9295f5734561B8d77,Services,ENS Newsletter
"Sep 3, 2025",0x91c32893216dE3eA0a55ABb9851f581d4503d39b,"-4,000 USDC",0xc02771315d0958F23a64140160E78ECB9bB8614e,Services,Steward compensation
"Sep 3, 2025",0x91c32893216dE3eA0a55ABb9851f581d4503d39b,"-4,000 USDC",0x719e67af46316B931FB93961A02E956B6d2dDdf0,Services,Steward compensation
"Sep 3, 2025",0x91c32893216dE3eA0a55ABb9851f581d4503d39b,"-9,500 USDC",0xaa7a0Fff587b5B75BF8c86f838eA74786E0C4930,Services,Secretary + Steward compensation
"Sep 3, 2025",0x91c32893216dE3eA0a55ABb9851f581d4503d39b,"-4,000 USDC",0xf6CC50d8Dff53C10686D3Beb7642AEDd0600F7f7,Services,Steward compensation (Sov)
"Sep 3, 2025",0x91c32893216dE3eA0a55ABb9851f581d4503d39b,"-4,000 USDC",0x75d91395CD36f24f990bbdE69993cB20B96EcFa6,Services,Steward compensation
"Sep 3, 2025",0x91c32893216dE3eA0a55ABb9851f581d4503d39b,"-5,500 USDC",0xA21875a467B43B63aF15A712C3627A70798588FC,Services,Steward compensation (Spence)
"Sep 3, 2025",0x91c32893216dE3eA0a55ABb9851f581d4503d39b,"-5,500 USDC",0xB9a0fB254Aea7Bcec79c7bd8052dcd902a5388Ff,Services,Steward compensation
"Sep 3, 2025",0x91c32893216dE3eA0a55ABb9851f581d4503d39b,"-5,500 USDC",0x54BeCc7560a7Be76d72ED76a1f5fee6C5a2A7Ab6,Services,Steward compensation
"Sep 3, 2025",0x91c32893216dE3eA0a55ABb9851f581d4503d39b,"-4,000 USDC",0xd2cc2e47c2Aecd01C87B83290c0Ee76BA67a7211,Services,Steward compensation
"Sep 3, 2025",0x91c32893216dE3eA0a55ABb9851f581d4503d39b,"-3,000 USDC",0x035eBd096AFa6b98372494C7f08f3402324117D3,Services,Scribe compensation
"Sep 3, 2025",0xcD42b4c4D102cc22864e3A1341Bb0529c17fD87d,-8.0 ETH,0x1231DEB6f5749EF6cE6943a275A1D3E7486F4EaE,Grants,Builder Grants - https://builder.ensgrants.xyz/
"Aug 28, 2025",0x91c32893216dE3eA0a55ABb9851f581d4503d39b,"-60,000 USDC",0x3Bf73ADe2F342d4141066bc855d383C9089027d2,Grants,Grant for establishing a ENS record standard for DAOs
"Aug 21, 2025",0x536013c57DAF01D78e8a70cAd1B1abAda9411819,"-25,788 USDC",0xf6B6F07862A02C85628B3A9688beae07fEA9C863,Events,Devconnect Event Payment Reimbursement
"Aug 21, 2025",0x2686A8919Df194aA7673244549E68D42C1685d03,-500 ENS,0x0D0A6e5FF546D06b43279188dD8112BaC6ad424D,Governance Distribution,YodlPay Grant https://discuss.ens.domains/t/term-6-grants-summary/20320/15?u=limes
"Aug 21, 2025",0x2686A8919Df194aA7673244549E68D42C1685d03,"-17,330 USDC",0x536013c57DAF01D78e8a70cAd1B1abAda9411819,Internal Transfer,Internal transfer
"Aug 21, 2025",0x536013c57DAF01D78e8a70cAd1B1abAda9411819,"+17,330 USDC",0x2686A8919Df194aA7673244549E68D42C1685d03,Internal Transfer,Internal transfer
"Aug 21, 2025",0x2686A8919Df194aA7673244549E68D42C1685d03,-200 ENS,0x71d5a761e5DD4995Da9CF68230971081682dFaD7,Grants,Simple Page grant https://discuss.ens.domains/t/term-6-grants-summary/20320/14?u=limes
"Aug 21, 2025",0x2686A8919Df194aA7673244549E68D42C1685d03,"-25,000 USDC",0x0D0A6e5FF546D06b43279188dD8112BaC6ad424D,Grants,YodlPay Grant https://discuss.ens.domains/t/term-6-grants-summary/20320/15?u=limes
"Aug 21, 2025",0x2686A8919Df194aA7673244549E68D42C1685d03,"-10,000 USDC",0x71d5a761e5DD4995Da9CF68230971081682dFaD7,Grants,Simple Page Grant https://discuss.ens.domains/t/term-6-grants-summary/20320/14?u=limes
"Aug 15, 2025",0x9B9c249Be04dd433c7e8FbBF5E61E6741b89966D,"-5,631 USDC",0x9F0f49D42dB395cA15Cf8CAdC56410B0137989B4,Hackathons,ETH Accara Hackathon Sponsorship
"Aug 12, 2025",0x9B9c249Be04dd433c7e8FbBF5E61E6741b89966D,"-12,360 USDC",0xADeAd18d0612cB0Bc46BFcFAD77dc07389aa331D,Hackathons,ETHRome hackathon sponsorship
"Aug 12, 2025",0xcD42b4c4D102cc22864e3A1341Bb0529c17fD87d,"-4,870 USDC",0x56599392B1995c0345f719d34005F9eCE3af596A,Grants,Public ICANN Research grant
"Aug 10, 2025",0xcD42b4c4D102cc22864e3A1341Bb0529c17fD87d,-5 USDC,0x56599392B1995c0345f719d34005F9eCE3af596A,Grants,Public ICANN Research grant Test tx
"Aug 10, 2025",0xcD42b4c4D102cc22864e3A1341Bb0529c17fD87d,"-49,995 USDC",0x70CCBE10F980d80b7eBaab7D2E3A73e87D67B775,Grants,Strategic Grant to Vyper https://discuss.ens.domains/t/ens-public-goods-working-group-funding-vyper/21171
"Aug 7, 2025",0xcD42b4c4D102cc22864e3A1341Bb0529c17fD87d,-5 USDC,0x70CCBE10F980d80b7eBaab7D2E3A73e87D67B775,Grants,Strategic Grant to Vyper test tx https://discuss.ens.domains/t/ens-public-goods-working-group-funding-vyper/21171
"Aug 7, 2025",0x2686A8919Df194aA7673244549E68D42C1685d03,-560 USDC,0x60dbF50076206F60bCc2Edf9295f5734561B8d77,Services,Social media support monthly payment
"Aug 7, 2025",0x2686A8919Df194aA7673244549E68D42C1685d03,"-1,700 USDC",0x11725b126ff9e4279E4F645c87736a501Aa0eb1A,Services,Discord Support Monthly Payment
"Aug 5, 2025",0x91c32893216dE3eA0a55ABb9851f581d4503d39b,"-21,637 ENS",0x3466EB008EDD8d5052446293D1a7D212cb65C646,Governance Distribution,ENS Steward vesting distribution
"Aug 4, 2025",0x91c32893216dE3eA0a55ABb9851f581d4503d39b,"-3,000 USDC",0x035eBd096AFa6b98372494C7f08f3402324117D3,Services,Scribe compensation
"Aug 4, 2025",0x91c32893216dE3eA0a55ABb9851f581d4503d39b,"-4,000 USDC",0xd2cc2e47c2Aecd01C87B83290c0Ee76BA67a7211,Services,Steward compensation
"Aug 4, 2025",0x91c32893216dE3eA0a55ABb9851f581d4503d39b,"-9,500 USDC",0xaa7a0Fff587b5B75BF8c86f838eA74786E0C4930,Services,Steward + Secretary compensation
"Aug 4, 2025",0x91c32893216dE3eA0a55ABb9851f581d4503d39b,"-5,500 USDC",0xB9a0fB254Aea7Bcec79c7bd8052dcd902a5388Ff,Services,Steward compensation
"Aug 4, 2025",0x91c32893216dE3eA0a55ABb9851f581d4503d39b,"-4,000 USDC",0xc02771315d0958F23a64140160E78ECB9bB8614e,Services,Steward compensation
"Aug 4, 2025",0x91c32893216dE3eA0a55ABb9851f581d4503d39b,"-4,000 USDC",0xf6CC50d8Dff53C10686D3Beb7642AEDd0600F7f7,Services,Steward compensation (Sov)
"Aug 4, 2025",0x91c32893216dE3eA0a55ABb9851f581d4503d39b,"-5,500 USDC",0xA21875a467B43B63aF15A712C3627A70798588FC,Services,Steward compensation (Spence)
"Aug 4, 2025",0x91c32893216dE3eA0a55ABb9851f581d4503d39b,"-4,000 USDC",0x719e67af46316B931FB93961A02E956B6d2dDdf0,Services,Steward compensation
"Aug 4, 2025",0x91c32893216dE3eA0a55ABb9851f581d4503d39b,"-5,500 USDC",0x54BeCc7560a7Be76d72ED76a1f5fee6C5a2A7Ab6,Services,Steward compensation
"Aug 4, 2025",0x91c32893216dE3eA0a55ABb9851f581d4503d39b,"-4,000 USDC",0x75d91395CD36f24f990bbdE69993cB20B96EcFa6,Services,Steward compensation
"Aug 4, 2025",0x13aEe52C1C688d3554a15556c5353cb0c3696ea2,"-1,500 USDC",0x60dbF50076206F60bCc2Edf9295f5734561B8d77,Services,Newsletter compensation
"Jul 31, 2025",0xcD42b4c4D102cc22864e3A1341Bb0529c17fD87d,"-50,000 USDC",0x1231DEB6f5749EF6cE6943a275A1D3E7486F4EaE,Grants,Funding builder grants platform
"Jul 31, 2025",0xcD42b4c4D102cc22864e3A1341Bb0529c17fD87d,-10.0 ETH,0x1231DEB6f5749EF6cE6943a275A1D3E7486F4EaE,Grants,Funding builder grants platform
"Jul 24, 2025",0x2686A8919Df194aA7673244549E68D42C1685d03,-1.0 ETH,0x34bE3658472363621a3F7863D2e70aCb5F648B34,Grants,Ecosystem Mini Grants
"Jul 24, 2025",0x2686A8919Df194aA7673244549E68D42C1685d03,-1.0 ETH,0xE382F59562736588AE835BC9c3E7382e9D1b9282,Grants,Ecosystem Mini Grants
"Jul 24, 2025",0x2686A8919Df194aA7673244549E68D42C1685d03,-1.0 ETH,0x20309Eb9080288e31AB1161366Af6639f04d593e,Grants,Ecosystem Mini Grants
"Jul 22, 2025",0x91c32893216dE3eA0a55ABb9851f581d4503d39b,"-61,161 USDC",0xca07423a99210D1a667b33901deADfAEdA687639,Misc,zkEmail backpay for SPP2 stream
"Jul 15, 2025",0x2686A8919Df194aA7673244549E68D42C1685d03,"-10,000 USDC",0x7582Cde92962A71143185A6f8F397F52cC86ECFf,Grants,Ipe City Ecosystem Grant
"Jul 15, 2025",0x2686A8919Df194aA7673244549E68D42C1685d03,-200 ENS,0x7582Cde92962A71143185A6f8F397F52cC86ECFf,Governance Distribution,Ipe City Ecosystem Grant
"Jul 14, 2025",0x2686A8919Df194aA7673244549E68D42C1685d03,-418 USDC,0x60dbF50076206F60bCc2Edf9295f5734561B8d77,Misc,X premium
"Jul 11, 2025",0x536013c57DAF01D78e8a70cAd1B1abAda9411819,"-4,000 USDC",0x70dC7bA32213A2D825900BB0dA0368761977631F,Events,ETH CC Travel Reimbursement
"Jul 11, 2025",0x536013c57DAF01D78e8a70cAd1B1abAda9411819,"-4,000 USDC",0x917cc6AE54fc28E1431508C0AaF4B195e6ef318B,Events,ETH CC Travel Reimbursement
"Jul 11, 2025",0x536013c57DAF01D78e8a70cAd1B1abAda9411819,"-4,000 USDC",0x5131126FadBCe804B02385bd3cAf02aCAC844087,Events,ETH CC Travel Reimbursement
"Jul 4, 2025",0x536013c57DAF01D78e8a70cAd1B1abAda9411819,-416 USDC,0x70dC7bA32213A2D825900BB0dA0368761977631F,Events,ENS Cannes event final payment
"Jul 3, 2025",0x2686A8919Df194aA7673244549E68D42C1685d03,-560 USDC,0x60dbF50076206F60bCc2Edf9295f5734561B8d77,Services,Social media manager compensation
"Jul 3, 2025",0x2686A8919Df194aA7673244549E68D42C1685d03,"-1,700 USDC",0x11725b126ff9e4279E4F645c87736a501Aa0eb1A,Services,Discord support compensation
"Jul 2, 2025",0x91c32893216dE3eA0a55ABb9851f581d4503d39b,"-5,500 USDC",0xA21875a467B43B63aF15A712C3627A70798588FC,Services,Steward compensation (Spence)
"Jul 2, 2025",0x91c32893216dE3eA0a55ABb9851f581d4503d39b,"-4,000 USDC",0xf6CC50d8Dff53C10686D3Beb7642AEDd0600F7f7,Services,Steward compensation (Sov)
"Jul 2, 2025",0x91c32893216dE3eA0a55ABb9851f581d4503d39b,"-9,500 USDC",0xaa7a0Fff587b5B75BF8c86f838eA74786E0C4930,Services,Steward + Secretary compensation
"Jul 2, 2025",0x91c32893216dE3eA0a55ABb9851f581d4503d39b,"-4,000 USDC",0x75d91395CD36f24f990bbdE69993cB20B96EcFa6,Services,Steward compensation
"Jul 2, 2025",0x91c32893216dE3eA0a55ABb9851f581d4503d39b,"-4,000 USDC",0x719e67af46316B931FB93961A02E956B6d2dDdf0,Services,Steward compensation
"Jul 2, 2025",0x91c32893216dE3eA0a55ABb9851f581d4503d39b,"-5,500 USDC",0x54BeCc7560a7Be76d72ED76a1f5fee6C5a2A7Ab6,Services,Steward compensation
"Jul 2, 2025",0x91c32893216dE3eA0a55ABb9851f581d4503d39b,"-4,000 USDC",0xd2cc2e47c2Aecd01C87B83290c0Ee76BA67a7211,Services,Steward compensation
"Jul 2, 2025",0x91c32893216dE3eA0a55ABb9851f581d4503d39b,"-3,000 USDC",0x035eBd096AFa6b98372494C7f08f3402324117D3,Services,Scribe compensation
"Jul 2, 2025",0x91c32893216dE3eA0a55ABb9851f581d4503d39b,"-5,500 USDC",0xB9a0fB254Aea7Bcec79c7bd8052dcd902a5388Ff,Services,Steward compensation
"Jul 2, 2025",0x91c32893216dE3eA0a55ABb9851f581d4503d39b,"-4,000 USDC",0xc02771315d0958F23a64140160E78ECB9bB8614e,Services,Steward compensation
"Jul 1, 2025",0x13aEe52C1C688d3554a15556c5353cb0c3696ea2,"-1,500 USDC",0x60dbF50076206F60bCc2Edf9295f5734561B8d77,Services,June Newsletter
"Jun 30, 2025",0xcD42b4c4D102cc22864e3A1341Bb0529c17fD87d,"-8,500 USDC",0x8F559B03d78509d8cda8acA66Ee4a965F57fD491,Events,DAO Tokyo 2025 Sponsorship
"Jun 19, 2025",0xcD42b4c4D102cc22864e3A1341Bb0529c17fD87d,"-4,000 USDC",0x87eB1E76Bd85488CCdaAFE3325e194CAbA22Ee68,Events,IRL Travel Stipend
"Jun 19, 2025",0xcD42b4c4D102cc22864e3A1341Bb0529c17fD87d,"-2,000 USDC",0x1A851F718F3091c099574bc9f35D08c2d5a1674F,Events,IRL Travel Stipend
"Jun 16, 2025",0x91c32893216dE3eA0a55ABb9851f581d4503d39b,"-2,000 USDC",0x75d91395CD36f24f990bbdE69993cB20B96EcFa6,Events,Reimbursement: Netto Travel
"Jun 16, 2025",0x91c32893216dE3eA0a55ABb9851f581d4503d39b,"-8,000 USDC",0x7F7720BDb2CB5C13dd30a0C8aB8D0dD553b31caA,Services,Danche's Pricing Research
"Jun 11, 2025",0x536013c57DAF01D78e8a70cAd1B1abAda9411819,"-11,184 USDC",0x2e7Fb1BD9462C1ffE0AAecd78dc9A46195DaBbAD,Events,ENS Cannes Happy Hour 1 of 2
"Jun 11, 2025",0x536013c57DAF01D78e8a70cAd1B1abAda9411819,"-11,164 USDC",0x70dC7bA32213A2D825900BB0dA0368761977631F,Events,ENS Cannes Happy Hour 1 of 2
"Jun 11, 2025",0xcD42b4c4D102cc22864e3A1341Bb0529c17fD87d,"-49,999 USDC",0xaBEF7A465539823Fd72D602A56d04B9c83f2DCc0,Grants,PG Partnership Grants: Fabric
"Jun 10, 2025",0xcD42b4c4D102cc22864e3A1341Bb0529c17fD87d,+1 USDC,0xedf81AACf8A5614cDDDB38712E45f0C7cE52490F,Misc,Test transaction return
"Jun 10, 2025",0xcD42b4c4D102cc22864e3A1341Bb0529c17fD87d,"-49,999 USDC",0xeDf80D8bdB50A2941A4Ffe668c558c2ce0bF490F,Grants,PG Partnership Grants: Remix
"Jun 10, 2025",0x91c32893216dE3eA0a55ABb9851f581d4503d39b,"-20,000 USDC",0x3Bf73ADe2F342d4141066bc855d383C9089027d2,Grants,SPP2 Retroactive Grant - Custom Voting Interface Contributors
"Jun 10, 2025",0x91c32893216dE3eA0a55ABb9851f581d4503d39b,"-20,000 USDC",0x63FD9D5c51adB4b41629608385Bb2AD05FC63A20,Grants,SPP2 Retroactive Grant - Custom Voting Interface Contributors
"Jun 10, 2025",0x91c32893216dE3eA0a55ABb9851f581d4503d39b,"-20,000 USDC",0x0b48F961776Bb4678b7a4Fcf0711F3e86949f72b,Grants,SPP2 Retroactive Grant - Custom Voting Interface Contributors
"Jun 9, 2025",0x536013c57DAF01D78e8a70cAd1B1abAda9411819,-38 USDC,0xe6DBF43F5927969Fd99E3d193C3fBfB88951A2B9,Misc,POAPs for ENS Cannes Event
"Jun 6, 2025",0xcD42b4c4D102cc22864e3A1341Bb0529c17fD87d,-1 USDC,0xeDf80D8bdB50A2941A4Ffe668c558c2ce0bF490F,Grants,Test transaction for PG partnership Grants
"Jun 6, 2025",0xcD42b4c4D102cc22864e3A1341Bb0529c17fD87d,-1 USDC,0xaBEF7A465539823Fd72D602A56d04B9c83f2DCc0,Grants,Test transaction for PG partnership Grants
"Jun 4, 2025",0x2686A8919Df194aA7673244549E68D42C1685d03,-560 USDC,0x60dbF50076206F60bCc2Edf9295f5734561B8d77,Services,Social Media Services
"Jun 4, 2025",0x2686A8919Df194aA7673244549E68D42C1685d03,"-1,700 USDC",0x11725b126ff9e4279E4F645c87736a501Aa0eb1A,Services,Discord Sevices
"Jun 3, 2025",0x13aEe52C1C688d3554a15556c5353cb0c3696ea2,"-1,500 USDC",0x60dbF50076206F60bCc2Edf9295f5734561B8d77,Services,May Newsletter
"May 31, 2025",0x91c32893216dE3eA0a55ABb9851f581d4503d39b,"-4,000 USDC",0xd2cc2e47c2Aecd01C87B83290c0Ee76BA67a7211,Services,Steward compensation
"May 31, 2025",0x91c32893216dE3eA0a55ABb9851f581d4503d39b,"-4,000 USDC",0x719e67af46316B931FB93961A02E956B6d2dDdf0,Services,Steward compensation
"May 31, 2025",0x91c32893216dE3eA0a55ABb9851f581d4503d39b,"-5,500 USDC",0xB9a0fB254Aea7Bcec79c7bd8052dcd902a5388Ff,Services,Steward compensation
"May 31, 2025",0x91c32893216dE3eA0a55ABb9851f581d4503d39b,"-5,500 USDC",0x54BeCc7560a7Be76d72ED76a1f5fee6C5a2A7Ab6,Services,Steward compensation
"May 31, 2025",0x91c32893216dE3eA0a55ABb9851f581d4503d39b,"-9,500 USDC",0xaa7a0Fff587b5B75BF8c86f838eA74786E0C4930,Services,Secretary + Steward compensation
"May 31, 2025",0x91c32893216dE3eA0a55ABb9851f581d4503d39b,"-3,000 USDC",0x035eBd096AFa6b98372494C7f08f3402324117D3,Services,Scribe compensation
"May 31, 2025",0x91c32893216dE3eA0a55ABb9851f581d4503d39b,"-5,500 USDC",0xA21875a467B43B63aF15A712C3627A70798588FC,Services,Steward compensation
"May 31, 2025",0x91c32893216dE3eA0a55ABb9851f581d4503d39b,"-4,000 USDC",0xc02771315d0958F23a64140160E78ECB9bB8614e,Services,Steward compensation
"May 31, 2025",0x91c32893216dE3eA0a55ABb9851f581d4503d39b,"-4,000 USDC",0x75d91395CD36f24f990bbdE69993cB20B96EcFa6,Services,Steward compensation
"May 31, 2025",0x91c32893216dE3eA0a55ABb9851f581d4503d39b,"-4,000 USDC",0xf6CC50d8Dff53C10686D3Beb7642AEDd0600F7f7,Services,Steward compensation
"May 30, 2025",0x91c32893216dE3eA0a55ABb9851f581d4503d39b,"+100,000 ENS",0xFe89cc7aBB2C4183683ab71653C4cdc9B02D44b7,Internal Transfer,[EP 6.11] Term 6 Working Group Funding
"May 30, 2025",0xcD42b4c4D102cc22864e3A1341Bb0529c17fD87d,"+356,000 USDC",0xFe89cc7aBB2C4183683ab71653C4cdc9B02D44b7,Internal Transfer,[EP 6.11] Term 6 Working Group Funding
"May 30, 2025",0x91c32893216dE3eA0a55ABb9851f581d4503d39b,"+589,000 USDC",0xFe89cc7aBB2C4183683ab71653C4cdc9B02D44b7,Internal Transfer,[EP 6.11] Term 6 Working Group Funding
"May 29, 2025",0x2686A8919Df194aA7673244549E68D42C1685d03,-500 ENS,0x58068646C148E313CB414E85d2Fe89dDc3426870,Grants,Ecosystem Grant - ENScribe https://discuss.ens.domains/t/term-6-grants-summary/20320/11?u=limes
"May 29, 2025",0x2686A8919Df194aA7673244549E68D42C1685d03,"-25,000 USDC",0xA422265673e1f3BbCf75Bf4146885DcA2aB03A80,Grants,Ecosystem Grant - ENScribe https://discuss.ens.domains/t/term-6-grants-summary/20320/11?u=limes
"May 6, 2025",0x2686A8919Df194aA7673244549E68D42C1685d03,-5.0 ETH,0x481f50a5BdcCC0bc4322C4dca04301433dED50f0,Misc,Refill ENS Fairy Wallet
"May 5, 2025",0x13aEe52C1C688d3554a15556c5353cb0c3696ea2,"-1,500 USDC",0x60dbF50076206F60bCc2Edf9295f5734561B8d77,Services,April Newsletters
"May 3, 2025",0x91c32893216dE3eA0a55ABb9851f581d4503d39b,"-4,000 USDC",0x75d91395CD36f24f990bbdE69993cB20B96EcFa6,Services,Steward compensation
"May 3, 2025",0x91c32893216dE3eA0a55ABb9851f581d4503d39b,"-4,000 USDC",0xc02771315d0958F23a64140160E78ECB9bB8614e,Services,Steward compensation
"May 3, 2025",0x91c32893216dE3eA0a55ABb9851f581d4503d39b,"-3,000 USDC",0x035eBd096AFa6b98372494C7f08f3402324117D3,Services,Scribe compensation
"May 3, 2025",0x91c32893216dE3eA0a55ABb9851f581d4503d39b,"-4,000 USDC",0xf6CC50d8Dff53C10686D3Beb7642AEDd0600F7f7,Services,Steward compensation (Sov)
"May 3, 2025",0x91c32893216dE3eA0a55ABb9851f581d4503d39b,"-5,500 USDC",0xB9a0fB254Aea7Bcec79c7bd8052dcd902a5388Ff,Services,Steward compensation
"May 3, 2025",0x91c32893216dE3eA0a55ABb9851f581d4503d39b,"-5,500 USDC",0x54BeCc7560a7Be76d72ED76a1f5fee6C5a2A7Ab6,Services,Steward compensation
"May 3, 2025",0x91c32893216dE3eA0a55ABb9851f581d4503d39b,"-9,500 USDC",0xaa7a0Fff587b5B75BF8c86f838eA74786E0C4930,Services,Secretary + Steward compensation
"May 3, 2025",0x91c32893216dE3eA0a55ABb9851f581d4503d39b,"-4,000 USDC",0x719e67af46316B931FB93961A02E956B6d2dDdf0,Services,Steward compensation
"May 3, 2025",0x91c32893216dE3eA0a55ABb9851f581d4503d39b,"-4,000 USDC",0xd2cc2e47c2Aecd01C87B83290c0Ee76BA67a7211,Services,Steward compensation
"May 3, 2025",0x91c32893216dE3eA0a55ABb9851f581d4503d39b,"-5,500 USDC",0xA21875a467B43B63aF15A712C3627A70798588FC,Services,Steward compensation (5pence)
"May 3, 2025",0x91c32893216dE3eA0a55ABb9851f581d4503d39b,-25.0 WETH,0x9008D19f58AAbD9eD0D60971565AA8510560ab41,Swap,-
"May 3, 2025",0x91c32893216dE3eA0a55ABb9851f581d4503d39b,"+45,675 USDC",0x9008D19f58AAbD9eD0D60971565AA8510560ab41,Swap,-
"May 1, 2025",0x2686A8919Df194aA7673244549E68D42C1685d03,"-1,700 USDC",0x11725b126ff9e4279E4F645c87736a501Aa0eb1A,Services,Discord services
"May 1, 2025",0x2686A8919Df194aA7673244549E68D42C1685d03,-560 USDC,0x60dbF50076206F60bCc2Edf9295f5734561B8d77,Services,Social media support
"Apr 8, 2025",0x13aEe52C1C688d3554a15556c5353cb0c3696ea2,"-1,500 USDC",0x60dbF50076206F60bCc2Edf9295f5734561B8d77,Services,March newsletter
"Apr 4, 2025",0x2686A8919Df194aA7673244549E68D42C1685d03,"-1,700 USDC",0x11725b126ff9e4279E4F645c87736a501Aa0eb1A,Services,March discord support
"Apr 4, 2025",0x2686A8919Df194aA7673244549E68D42C1685d03,-560 USDC,0x60dbF50076206F60bCc2Edf9295f5734561B8d77,Services,March social support
"Apr 4, 2025",0x2686A8919Df194aA7673244549E68D42C1685d03,-200 ENS,0xdaBf4f1f58d9350731e218E25ACcaF91e0d01d33,Governance Distribution,Justaname Grant - https://discuss.ens.domains/t/term-6-grants-summary/20320/5?u=limes
"Apr 4, 2025",0x2686A8919Df194aA7673244549E68D42C1685d03,-200 ENS,0xC9C022FCFebE730710aE93CA9247c5Ec9d9236d0,Governance Distribution,ENS Ideas Grant - https://discuss.ens.domains/t/term-6-grants-summary/20320/4?u=limes
"Apr 4, 2025",0x2686A8919Df194aA7673244549E68D42C1685d03,-200 ENS,0x29B612755A3617108a060C5B55B3b559C1a2aFD4,Governance Distribution,AIWS Grant - https://discuss.ens.domains/t/term-6-grants-summary/20320/8?u=limes
"Apr 4, 2025",0x2686A8919Df194aA7673244549E68D42C1685d03,"-10,000 USDC",0xC9C022FCFebE730710aE93CA9247c5Ec9d9236d0,Grants,ENS Ideas Grant - https://discuss.ens.domains/t/term-6-grants-summary/20320/4?u=limes
"Apr 4, 2025",0x2686A8919Df194aA7673244549E68D42C1685d03,-500 ENS,0x0abc2dF86a8Fa45178c0f49B0E9d37c5048358De,Governance Distribution,Fluidkey Grant - https://discuss.ens.domains/t/term-6-grants-summary/20320/9?u=limes
"Apr 4, 2025",0x2686A8919Df194aA7673244549E68D42C1685d03,"-10,000 USDC",0xdaBf4f1f58d9350731e218E25ACcaF91e0d01d33,Grants,Justaname Grant - https://discuss.ens.domains/t/term-6-grants-summary/20320/5?u=limes
"Apr 4, 2025",0x2686A8919Df194aA7673244549E68D42C1685d03,"-10,000 USDC",0x18deEE9699526f8C8a87004b2e4e55029Fb26b9a,Grants,Planetable Grant - https://discuss.ens.domains/t/term-6-grants-summary/20320/2?u=limes
"Apr 4, 2025",0x2686A8919Df194aA7673244549E68D42C1685d03,"-10,000 USDC",0xE4B23bd52CcB8596E7354f4aE79647095140502b,Grants,ENS Data Grant - https://discuss.ens.domains/t/term-6-grants-summary/20320/3?u=limes
"Apr 4, 2025",0x2686A8919Df194aA7673244549E68D42C1685d03,"-25,000 USDC",0xA7673aB3B0949a0EfCd818c86C71FFf7CD645ac7,Grants,Vision.io Grant - https://discuss.ens.domains/t/term-6-grants-summary/20320/10?u=limes
"Apr 4, 2025",0x2686A8919Df194aA7673244549E68D42C1685d03,"-10,000 USDC",0x29B612755A3617108a060C5B55B3b559C1a2aFD4,Grants,AIWS Grant - https://discuss.ens.domains/t/term-6-grants-summary/20320/8?u=limes
"Apr 4, 2025",0x2686A8919Df194aA7673244549E68D42C1685d03,"-25,000 USDC",0x5c51B52694719931919AebB2DcCf7ca3447d0608,Grants,Web3.bio Grant - https://discuss.ens.domains/t/term-6-grants-summary/20320/6?u=limes
"Apr 4, 2025",0x2686A8919Df194aA7673244549E68D42C1685d03,-500 ENS,0xA7673aB3B0949a0EfCd818c86C71FFf7CD645ac7,Governance Distribution,Vision.io Grant - https://discuss.ens.domains/t/term-6-grants-summary/20320/10?u=limes
"Apr 4, 2025",0x2686A8919Df194aA7673244549E68D42C1685d03,-200 ENS,0xE4B23bd52CcB8596E7354f4aE79647095140502b,Governance Distribution,ENS Data Grant - https://discuss.ens.domains/t/term-6-grants-summary/20320/3?u=limes
"Apr 4, 2025",0x2686A8919Df194aA7673244549E68D42C1685d03,"-25,000 USDC",0x0abc2dF86a8Fa45178c0f49B0E9d37c5048358De,Grants,Fluidkey Grant - https://discuss.ens.domains/t/term-6-grants-summary/20320/9?u=limes
"Apr 4, 2025",0x2686A8919Df194aA7673244549E68D42C1685d03,"-10,000 USDC",0x898b2500C4Fed262D7cc564dD892A34B33DA0a41,Grants,Webhash Grant - https://discuss.ens.domains/t/term-6-grants-summary/20320/7?u=limes
"Apr 4, 2025",0x2686A8919Df194aA7673244549E68D42C1685d03,-200 ENS,0x898b2500C4Fed262D7cc564dD892A34B33DA0a41,Governance Distribution,Webhash Grant - https://discuss.ens.domains/t/term-6-grants-summary/20320/7?u=limes
"Apr 4, 2025",0x2686A8919Df194aA7673244549E68D42C1685d03,-200 ENS,0x18deEE9699526f8C8a87004b2e4e55029Fb26b9a,Governance Distribution,Planetable Grant - https://discuss.ens.domains/t/term-6-grants-summary/20320/2?u=limes
"Apr 4, 2025",0x2686A8919Df194aA7673244549E68D42C1685d03,-500 ENS,0x5c51B52694719931919AebB2DcCf7ca3447d0608,Governance Distribution,Web3.bio Grant - https://discuss.ens.domains/t/term-6-grants-summary/20320/6?u=limes
"Apr 3, 2025",0xcD42b4c4D102cc22864e3A1341Bb0529c17fD87d,"-149,995 USDC",0xBe0A9f3E54f867db15A805d523742a0481e3EEC7,Grants,Funding of the Decentralization Research Center. https://discuss.ens.domains/t/ens-public-goods-working-group-funding-the-decentralization-research-center-drc/20319
"Apr 2, 2025",0x91c32893216dE3eA0a55ABb9851f581d4503d39b,"-4,000 USDC",0xc02771315d0958F23a64140160E78ECB9bB8614e,Services,Steward compensation
"Apr 2, 2025",0x91c32893216dE3eA0a55ABb9851f581d4503d39b,"-9,500 USDC",0xaa7a0Fff587b5B75BF8c86f838eA74786E0C4930,Services,Steward + Secretary compensation
"Apr 2, 2025",0x91c32893216dE3eA0a55ABb9851f581d4503d39b,"-4,000 USDC",0xf6CC50d8Dff53C10686D3Beb7642AEDd0600F7f7,Services,Steward compensation (Sov)
"Apr 2, 2025",0x91c32893216dE3eA0a55ABb9851f581d4503d39b,"-5,500 USDC",0xB9a0fB254Aea7Bcec79c7bd8052dcd902a5388Ff,Services,Steward compensation
"Apr 2, 2025",0x91c32893216dE3eA0a55ABb9851f581d4503d39b,"-5,500 USDC",0x54BeCc7560a7Be76d72ED76a1f5fee6C5a2A7Ab6,Services,Steward compensation
"Apr 2, 2025",0x91c32893216dE3eA0a55ABb9851f581d4503d39b,"-3,000 USDC",0x035eBd096AFa6b98372494C7f08f3402324117D3,Services,Scribe compensation
"Apr 2, 2025",0x91c32893216dE3eA0a55ABb9851f581d4503d39b,"-4,000 USDC",0x75d91395CD36f24f990bbdE69993cB20B96EcFa6,Services,Steward compensation
"Apr 2, 2025",0x91c32893216dE3eA0a55ABb9851f581d4503d39b,"-5,500 USDC",0xA21875a467B43B63aF15A712C3627A70798588FC,Services,Steward compensation (5pence)
"Apr 2, 2025",0x91c32893216dE3eA0a55ABb9851f581d4503d39b,"-4,000 USDC",0x719e67af46316B931FB93961A02E956B6d2dDdf0,Services,Steward compensation
"Apr 2, 2025",0x91c32893216dE3eA0a55ABb9851f581d4503d39b,"-4,000 USDC",0xd2cc2e47c2Aecd01C87B83290c0Ee76BA67a7211,Services,Steward compensation
"Mar 31, 2025",0xcD42b4c4D102cc22864e3A1341Bb0529c17fD87d,-5 USDC,0xBe0A9f3E54f867db15A805d523742a0481e3EEC7,Grants,Test transaction for funding of the Decentralization Research Center. https://discuss.ens.domains/t/ens-public-goods-working-group-funding-the-decentralization-research-center-drc/20319
"Mar 28, 2025",0xebA76C907F02BA13064EDAD7876Fe51D9d856F62,"-15,000 USDC",0x4a8aB737cdB7DC3c56Dd59266591B9D2EB1e55aB,Grants,Borderless Africa large grants milestone reached
"Mar 28, 2025",0xcD42b4c4D102cc22864e3A1341Bb0529c17fD87d,"-5,000 USDC",0x4a8aB737cdB7DC3c56Dd59266591B9D2EB1e55aB,Grants,Borderless Africa large grants milestone reached
"Mar 21, 2025",0x536013c57DAF01D78e8a70cAd1B1abAda9411819,+45 USDC,0x9008D19f58AAbD9eD0D60971565AA8510560ab41,Swap,Swap ETH for USDC after completing renewal of ENS names for Linea After Dark 1 year extension winners
"Mar 21, 2025",0x536013c57DAF01D78e8a70cAd1B1abAda9411819,-100 USDC,0x9008D19f58AAbD9eD0D60971565AA8510560ab41,Swap,Swap of USDC for ETH to renew ENS names for Linea After Dark 1 year extension winners
"Mar 13, 2025",0x91c32893216dE3eA0a55ABb9851f581d4503d39b,"-50,000 USDC",0x63FD9D5c51adB4b41629608385Bb2AD05FC63A20,DAO Tooling,Payment to Agora for contract work on https://agora.ensdao.org/
"Mar 13, 2025",0x91c32893216dE3eA0a55ABb9851f581d4503d39b,"-2,400 USDC",0xf68645B8EC42690F5D627f954538E6ea52390549,Events,ETH Denver travel reimbursement
"Mar 13, 2025",0x91c32893216dE3eA0a55ABb9851f581d4503d39b,"-4,000 USDC",0x75d91395CD36f24f990bbdE69993cB20B96EcFa6,Events,ETH Denver travel reimbursement
"Mar 8, 2025",0x2686A8919Df194aA7673244549E68D42C1685d03,-560 USDC,0x60dbF50076206F60bCc2Edf9295f5734561B8d77,Services,ENS socials support
"Mar 8, 2025",0x2686A8919Df194aA7673244549E68D42C1685d03,"-1,700 USDC",0x11725b126ff9e4279E4F645c87736a501Aa0eb1A,Services,Discord Support (Ashu)
"Mar 5, 2025",0x91c32893216dE3eA0a55ABb9851f581d4503d39b,"-6,000 USDC",0x7F7720BDb2CB5C13dd30a0C8aB8D0dD553b31caA,Services,.eth price research
"Mar 5, 2025",0x13aEe52C1C688d3554a15556c5353cb0c3696ea2,"-1,500 USDC",0x60dbF50076206F60bCc2Edf9295f5734561B8d77,Services,ENS Newsletter
"Mar 3, 2025",0x536013c57DAF01D78e8a70cAd1B1abAda9411819,"-2,000 USDC",0x367A0A9787D730436A3351Fa2D3FFEbf7b86E682,Events,ETH Denver travel reimbursement
"Mar 3, 2025",0x536013c57DAF01D78e8a70cAd1B1abAda9411819,"-2,000 USDC",0x917cc6AE54fc28E1431508C0AaF4B195e6ef318B,Events,ETH Denver travel reimbursement
"Mar 3, 2025",0x536013c57DAF01D78e8a70cAd1B1abAda9411819,"-2,000 USDC",0x3A61c8279c3e68F82B923CAF97D42031ebf96ef2,Events,ETH Denver travel reimbursement
"Mar 1, 2025",0x91c32893216dE3eA0a55ABb9851f581d4503d39b,"-4,000 USDC",0xd2cc2e47c2Aecd01C87B83290c0Ee76BA67a7211,Services,Steward compensation
"Mar 1, 2025",0x91c32893216dE3eA0a55ABb9851f581d4503d39b,"-4,000 USDC",0xf6CC50d8Dff53C10686D3Beb7642AEDd0600F7f7,Services,Steward comp (Sov)
"Mar 1, 2025",0x91c32893216dE3eA0a55ABb9851f581d4503d39b,"-5,500 USDC",0xB9a0fB254Aea7Bcec79c7bd8052dcd902a5388Ff,Services,Steward compensation
"Mar 1, 2025",0x91c32893216dE3eA0a55ABb9851f581d4503d39b,"-4,000 USDC",0xc02771315d0958F23a64140160E78ECB9bB8614e,Services,Steward compensation
"Mar 1, 2025",0x91c32893216dE3eA0a55ABb9851f581d4503d39b,"-3,000 USDC",0x035eBd096AFa6b98372494C7f08f3402324117D3,Services,Scribe compensation
"Mar 1, 2025",0x91c32893216dE3eA0a55ABb9851f581d4503d39b,"-5,500 USDC",0x54BeCc7560a7Be76d72ED76a1f5fee6C5a2A7Ab6,Services,Steward compensation
"Mar 1, 2025",0x91c32893216dE3eA0a55ABb9851f581d4503d39b,"-9,500 USDC",0xaa7a0Fff587b5B75BF8c86f838eA74786E0C4930,Services,Steward + secretary compensation
"Mar 1, 2025",0x91c32893216dE3eA0a55ABb9851f581d4503d39b,"-4,000 USDC",0x719e67af46316B931FB93961A02E956B6d2dDdf0,Services,Steward compensation
"Mar 1, 2025",0x91c32893216dE3eA0a55ABb9851f581d4503d39b,"-5,500 USDC",0xA21875a467B43B63aF15A712C3627A70798588FC,Services,Steward compensation (Spence)
"Mar 1, 2025",0x91c32893216dE3eA0a55ABb9851f581d4503d39b,"-4,000 USDC",0x75d91395CD36f24f990bbdE69993cB20B96EcFa6,Services,Steward compensation
"Feb 20, 2025",0x536013c57DAF01D78e8a70cAd1B1abAda9411819,"-15,000 USDC",0xDa12b368a93007Ef2446717765917933cEBC6080,Events,IRL ETH Denver event sponsorship
"Feb 18, 2025",0xcD42b4c4D102cc22864e3A1341Bb0529c17fD87d,"-46,500 USDC",0x6e8873085530406995170Da467010565968C7C62,Grants,Giveth matching round with Octant
"Feb 12, 2025",0x91c32893216dE3eA0a55ABb9851f581d4503d39b,"+4,000 USDC",0xEa5C280f4328493B95962d5A0321d5F60cDFF38C,Misc,December steward compensation sent back https://discuss.ens.domains/t/term-5-working-group-spending-summary-2024-q4/20170?u=limes
"Feb 11, 2025",0xcD42b4c4D102cc22864e3A1341Bb0529c17fD87d,"-2,500 USDC",0x721fc93037515aABA593480f608E58ee593bcDf1,Bounty,Bounty paid related to identification of leaking PII in builder grants platform. https://discuss.ens.domains/t/data-exposure-bounty-reward-request/20187/2?u=limes
"Feb 5, 2025",0x2686A8919Df194aA7673244549E68D42C1685d03,"-1,700 USDC",0x11725b126ff9e4279E4F645c87736a501Aa0eb1A,Services,Monthly payment for discord support
"Feb 5, 2025",0x2686A8919Df194aA7673244549E68D42C1685d03,-560 USDC,0x60dbF50076206F60bCc2Edf9295f5734561B8d77,Services,Monthly payment for social support on X and Farcaster
"Feb 3, 2025",0x13aEe52C1C688d3554a15556c5353cb0c3696ea2,"-1,500 USDC",0x60dbF50076206F60bCc2Edf9295f5734561B8d77,Services,Monthly compensation for ENS Newsletter
"Jan 31, 2025",0x91c32893216dE3eA0a55ABb9851f581d4503d39b,"-4,000 USDC",0xf6CC50d8Dff53C10686D3Beb7642AEDd0600F7f7,Services,Monthly steward compensation
"Jan 31, 2025",0x91c32893216dE3eA0a55ABb9851f581d4503d39b,"-5,500 USDC",0xB9a0fB254Aea7Bcec79c7bd8052dcd902a5388Ff,Services,Monthly steward compensation
"Jan 31, 2025",0x91c32893216dE3eA0a55ABb9851f581d4503d39b,"-5,500 USDC",0x54BeCc7560a7Be76d72ED76a1f5fee6C5a2A7Ab6,Services,Monthly steward compensation
"Jan 31, 2025",0x91c32893216dE3eA0a55ABb9851f581d4503d39b,"-4,818 USDC",0x719e67af46316B931FB93961A02E956B6d2dDdf0,Services,Monthly steward + scribe compensation
"Jan 31, 2025",0x91c32893216dE3eA0a55ABb9851f581d4503d39b,"-4,000 USDC",0xd2cc2e47c2Aecd01C87B83290c0Ee76BA67a7211,Services,Monthly steward compensation
"Jan 31, 2025",0x91c32893216dE3eA0a55ABb9851f581d4503d39b,"-9,500 USDC",0xaa7a0Fff587b5B75BF8c86f838eA74786E0C4930,Services,Monthly steward + secretary compensation
"Jan 31, 2025",0x91c32893216dE3eA0a55ABb9851f581d4503d39b,"-5,500 USDC",0xA21875a467B43B63aF15A712C3627A70798588FC,Services,Monthly steward compensation
"Jan 31, 2025",0x91c32893216dE3eA0a55ABb9851f581d4503d39b,"-2,182 USDC",0x035eBd096AFa6b98372494C7f08f3402324117D3,Services,Monthly scribe compensation
"Jan 31, 2025",0x91c32893216dE3eA0a55ABb9851f581d4503d39b,"-4,000 USDC",0xc02771315d0958F23a64140160E78ECB9bB8614e,Services,Monthly steward compensation
"Jan 31, 2025",0x91c32893216dE3eA0a55ABb9851f581d4503d39b,"-4,000 USDC",0x75d91395CD36f24f990bbdE69993cB20B96EcFa6,Services,Monthly steward compensation
"Jan 29, 2025",0x9B9c249Be04dd433c7e8FbBF5E61E6741b89966D,"-240,000 USDC",0x524197832b71580880BC3c025e200617A0f1Fa05,Hackathons,Payment to ETH Global for the sponsorship of 5 2025 Hackathons
"Jan 29, 2025",0x2686A8919Df194aA7673244549E68D42C1685d03,"-290,000 USDC",0x9B9c249Be04dd433c7e8FbBF5E61E6741b89966D,Internal Transfer,-
"Jan 29, 2025",0x9B9c249Be04dd433c7e8FbBF5E61E6741b89966D,"+290,000 USDC",0x2686A8919Df194aA7673244549E68D42C1685d03,Internal Transfer,-
"Jan 25, 2025",0x91c32893216dE3eA0a55ABb9851f581d4503d39b,"-10,165 ENS",0x3466EB008EDD8d5052446293D1a7D212cb65C646,Governance Distribution,[EP 5.19] Governance Distribution Pilot Program
"Jan 25, 2025",0x91c32893216dE3eA0a55ABb9851f581d4503d39b,"-14,800 ENS",0x3466EB008EDD8d5052446293D1a7D212cb65C646,Governance Distribution,[EP 5.19] Governance Distribution Pilot Program
"Jan 24, 2025",0xebA76C907F02BA13064EDAD7876Fe51D9d856F62,"-5,000 USDC",0x00080706a7D99CBC163D52dcF435205B1aD940D1,Grants,PG Large Grants Milestone Fulfillment (Buidl Guidl)
"Jan 24, 2025",0xebA76C907F02BA13064EDAD7876Fe51D9d856F62,"-5,000 USDC",0x00080706a7D99CBC163D52dcF435205B1aD940D1,Grants,PG Large Grants Milestone Fulfillment (Buidl Guidl)
"Jan 24, 2025",0xcD42b4c4D102cc22864e3A1341Bb0529c17fD87d,"-30,000 USDC",0x00080706a7D99CBC163D52dcF435205B1aD940D1,Grants,PG Large Grants Milestone Fulfillment (Buidl Guidl)
"Jan 17, 2025",0x91c32893216dE3eA0a55ABb9851f581d4503d39b,"-50,000 USDC",0x63FD9D5c51adB4b41629608385Bb2AD05FC63A20,DAO Tooling,Payment for work related to agora.ensdao.org
"Jan 16, 2025",0xcD42b4c4D102cc22864e3A1341Bb0529c17fD87d,-14.9 ETH,0x3a23F943181408EAC424116Af7b7790c94Cb97a5,Grants,"Bridge to OP, funding PG Builder Platform"
"Jan 15, 2025",0xcD42b4c4D102cc22864e3A1341Bb0529c17fD87d,"-2,025 USDC",0xcc49c3BD98d95dfB0b3a51E7DFf0Cb18241afd9D,Misc,Payment for writing articles on pg large grants recipients
"Jan 7, 2025",0x2686A8919Df194aA7673244549E68D42C1685d03,-250 ENS,0x90138150A4cF51Ae2CB7Fc6376771a7A858dd07c,Governance Distribution,Eco Term 5 Gov Distribution to Builders
"Dec 31, 2024",0x13aEe52C1C688d3554a15556c5353cb0c3696ea2,"-1,500 USDC",0x60dbF50076206F60bCc2Edf9295f5734561B8d77,Services,Monthly compensation for ENS Newsletter
"Dec 31, 2024",0x91c32893216dE3eA0a55ABb9851f581d4503d39b,-576 ENS,0x3466EB008EDD8d5052446293D1a7D212cb65C646,Governance Distribution,[EP 5.19] Governance Distribution Pilot Program
"Dec 31, 2024",0xcD42b4c4D102cc22864e3A1341Bb0529c17fD87d,"-10,000 USDC",0xe126b3E5d052f1F575828f61fEBA4f4f2603652a,Grants,PG Large Grants Milestone Fulfillment (Revoke Cash)
"Dec 31, 2024",0x2686A8919Df194aA7673244549E68D42C1685d03,"-15,000 USDC",0x13aEe52C1C688d3554a15556c5353cb0c3696ea2,Internal Transfer,-
"Dec 31, 2024",0x13aEe52C1C688d3554a15556c5353cb0c3696ea2,"+15,000 USDC",0x2686A8919Df194aA7673244549E68D42C1685d03,Internal Transfer,-
"Dec 31, 2024",0x2686A8919Df194aA7673244549E68D42C1685d03,-560 USDC,0x60dbF50076206F60bCc2Edf9295f5734561B8d77,Services,Monthly payment for social support on X and Farcaster
"Dec 31, 2024",0x2686A8919Df194aA7673244549E68D42C1685d03,"-1,700 USDC",0x11725b126ff9e4279E4F645c87736a501Aa0eb1A,Services,Monthly payment for ENS discord support
"Dec 31, 2024",0xebA76C907F02BA13064EDAD7876Fe51D9d856F62,"-2,000 USDC",0x7950aeE3952D6c6297Bf349E0d2731a745AaBB32,Grants,PG Large Grants Milestone Fulfillment (Onboarding LATAM)
"Dec 31, 2024",0xebA76C907F02BA13064EDAD7876Fe51D9d856F62,"-7,000 USDC",0x7950aeE3952D6c6297Bf349E0d2731a745AaBB32,Grants,PG Large Grants Milestone Fulfillment (Onboarding LATAM)
"Dec 31, 2024",0xebA76C907F02BA13064EDAD7876Fe51D9d856F62,"-5,000 USDC",0x7950aeE3952D6c6297Bf349E0d2731a745AaBB32,Grants,PG Large Grants Milestone Fulfillment (Onboarding LATAM)
"Dec 31, 2024",0xebA76C907F02BA13064EDAD7876Fe51D9d856F62,"-10,000 USDC",0x44F00C29a0b8514D017ac20fBDb0AA5078b860cE,Grants,PG Large Grants Milestone Fulfillment (Gashawk)
"Dec 31, 2024",0xebA76C907F02BA13064EDAD7876Fe51D9d856F62,"-10,000 USDC",0x44F00C29a0b8514D017ac20fBDb0AA5078b860cE,Grants,PG Large Grants Milestone Fulfillment (Gashawk)
"Dec 31, 2024",0x91c32893216dE3eA0a55ABb9851f581d4503d39b,"-5,500 USDC",0xA21875a467B43B63aF15A712C3627A70798588FC,Services,Monthly steward compensation
"Dec 31, 2024",0x91c32893216dE3eA0a55ABb9851f581d4503d39b,"-4,500 USDC",0xd2cc2e47c2Aecd01C87B83290c0Ee76BA67a7211,Services,Monthly steward compensation
"Dec 31, 2024",0x91c32893216dE3eA0a55ABb9851f581d4503d39b,-10 USDC,0x16be8cFbeD38582AAD0EAa6e8f2adB199152fB6A,DAO Tooling,Payment automation fee
"Dec 31, 2024",0x91c32893216dE3eA0a55ABb9851f581d4503d39b,"-4,000 USDC",0xEa5C280f4328493B95962d5A0321d5F60cDFF38C,Services,Monthly steward compensation
"Dec 31, 2024",0x91c32893216dE3eA0a55ABb9851f581d4503d39b,"-3,000 USDC",0xb1C376b6a13fc92009b4B512c46a872c62770ab0,Services,Monthly steward compensation
"Dec 31, 2024",0x91c32893216dE3eA0a55ABb9851f581d4503d39b,-10 USDC,0x16be8cFbeD38582AAD0EAa6e8f2adB199152fB6A,DAO Tooling,Payment automation fee
"Dec 31, 2024",0x91c32893216dE3eA0a55ABb9851f581d4503d39b,-10 USDC,0x16be8cFbeD38582AAD0EAa6e8f2adB199152fB6A,DAO Tooling,Payment automation fee
"Dec 31, 2024",0x91c32893216dE3eA0a55ABb9851f581d4503d39b,"-3,000 USDC",0x80FFe5f0F3E38cbd31e6f00b9423Fb93Bbb1A57d,Services,Monthly steward compensation
"Dec 31, 2024",0x91c32893216dE3eA0a55ABb9851f581d4503d39b,"-4,000 USDC",0x60dbF50076206F60bCc2Edf9295f5734561B8d77,Services,Monthly steward compensation
"Dec 31, 2024",0x91c32893216dE3eA0a55ABb9851f581d4503d39b,-10 USDC,0x16be8cFbeD38582AAD0EAa6e8f2adB199152fB6A,DAO Tooling,Payment automation fee
"Dec 31, 2024",0x91c32893216dE3eA0a55ABb9851f581d4503d39b,-10 USDC,0x16be8cFbeD38582AAD0EAa6e8f2adB199152fB6A,DAO Tooling,Payment automation fee
"Dec 31, 2024",0x91c32893216dE3eA0a55ABb9851f581d4503d39b,"-9,500 USDC",0xaa7a0Fff587b5B75BF8c86f838eA74786E0C4930,Services,Monthly steward + secretary compensation
"Dec 31, 2024",0x91c32893216dE3eA0a55ABb9851f581d4503d39b,-10 USDC,0x16be8cFbeD38582AAD0EAa6e8f2adB199152fB6A,DAO Tooling,Payment automation fee
"Dec 31, 2024",0x91c32893216dE3eA0a55ABb9851f581d4503d39b,"-4,500 USDC",0x54BeCc7560a7Be76d72ED76a1f5fee6C5a2A7Ab6,Services,Monthly steward compensation
"Dec 31, 2024",0x91c32893216dE3eA0a55ABb9851f581d4503d39b,-10 USDC,0x16be8cFbeD38582AAD0EAa6e8f2adB199152fB6A,DAO Tooling,Payment automation fee
"Dec 31, 2024",0x91c32893216dE3eA0a55ABb9851f581d4503d39b,"-4,500 USDC",0x1d921dff757610FbDB0073479e12c0a07d382677,Services,Monthly steward compensation
"Dec 31, 2024",0x91c32893216dE3eA0a55ABb9851f581d4503d39b,"-6,500 USDC",0xB9a0fB254Aea7Bcec79c7bd8052dcd902a5388Ff,Services,Monthly steward compensation
"Dec 31, 2024",0x91c32893216dE3eA0a55ABb9851f581d4503d39b,-10 USDC,0x16be8cFbeD38582AAD0EAa6e8f2adB199152fB6A,DAO Tooling,Payment automation fee
"Dec 31, 2024",0x91c32893216dE3eA0a55ABb9851f581d4503d39b,-10 USDC,0x16be8cFbeD38582AAD0EAa6e8f2adB199152fB6A,DAO Tooling,Payment automation fee
"Dec 31, 2024",0x91c32893216dE3eA0a55ABb9851f581d4503d39b,-10 USDC,0x16be8cFbeD38582AAD0EAa6e8f2adB199152fB6A,DAO Tooling,Payment automation fee
"Dec 24, 2024",0x91c32893216dE3eA0a55ABb9851f581d4503d39b,"-5,000 USDC",0xC98786D5A7a03C1e74AffCb97fF7eF8a710DA09B,DAO Tooling,Payment for onchain gov plugin on governance forum
"Dec 20, 2024",0x2686A8919Df194aA7673244549E68D42C1685d03,-250 ENS,0x59AD62Fe873409969AC636Ec38eDD000411b0847,Governance Distribution,Eco Term 5 Gov Distribution to Builders
"Dec 20, 2024",0x2686A8919Df194aA7673244549E68D42C1685d03,-250 ENS,0xC9C022FCFebE730710aE93CA9247c5Ec9d9236d0,Governance Distribution,Eco Term 5 Gov Distribution to Builders
"Dec 20, 2024",0x2686A8919Df194aA7673244549E68D42C1685d03,-250 ENS,0x1337E2624ffEC537087c6774e9A18031CFEAf0a9,Governance Distribution,Eco Term 5 Gov Distribution to Builders
"Dec 20, 2024",0x2686A8919Df194aA7673244549E68D42C1685d03,-250 ENS,0x5c51B52694719931919AebB2DcCf7ca3447d0608,Governance Distribution,Eco Term 5 Gov Distribution to Builders
"Dec 20, 2024",0x2686A8919Df194aA7673244549E68D42C1685d03,-250 ENS,0x571FD71E4ebc85037f5bB6439022E90Ce260dF39,Governance Distribution,Eco Term 5 Gov Distribution to Builders
"Dec 20, 2024",0x2686A8919Df194aA7673244549E68D42C1685d03,-250 ENS,0x1C98Ec38126965aD2E732f7F66F03c18cA4A9ece,Governance Distribution,Eco Term 5 Gov Distribution to Builders
"Dec 20, 2024",0x2686A8919Df194aA7673244549E68D42C1685d03,-250 ENS,0x898b2500C4Fed262D7cc564dD892A34B33DA0a41,Governance Distribution,Eco Term 5 Gov Distribution to Builders
"Dec 20, 2024",0x2686A8919Df194aA7673244549E68D42C1685d03,-250 ENS,0x376b62610878f794de1a36aFff1030a9c04594Ad,Governance Distribution,Eco Term 5 Gov Distribution to Builders
"Dec 20, 2024",0x2686A8919Df194aA7673244549E68D42C1685d03,-250 ENS,0xBBa294D303555032C6BD1021C639654b95e77Fa8,Governance Distribution,Eco Term 5 Gov Distribution to Builders
"Dec 20, 2024",0x2686A8919Df194aA7673244549E68D42C1685d03,-250 ENS,0x8d25687829D6b85d9e0020B8c89e3Ca24dE20a89,Governance Distribution,Eco Term 5 Gov Distribution to Builders
"Dec 20, 2024",0x2686A8919Df194aA7673244549E68D42C1685d03,-250 ENS,0x242ba6d68FfEb4a098B591B32d370F973FF882B7,Governance Distribution,Eco Term 5 Gov Distribution to Builders
"Dec 20, 2024",0x2686A8919Df194aA7673244549E68D42C1685d03,-250 ENS,0x090295882A6C69a79D9B293124fDd7dC9e181013,Governance Distribution,Eco Term 5 Gov Distribution to Builders
"Dec 20, 2024",0x2686A8919Df194aA7673244549E68D42C1685d03,-250 ENS,0x9d4E94dB689Bc471E45b0a18B7BdA36FcCeC9c3b,Governance Distribution,Eco Term 5 Gov Distribution to Builders
"Dec 20, 2024",0x2686A8919Df194aA7673244549E68D42C1685d03,-250 ENS,0xdcC34c0da55cEF7AeD38Bb749AD97DAC12A9936C,Governance Distribution,Eco Term 5 Gov Distribution to Builders
"Dec 20, 2024",0x2686A8919Df194aA7673244549E68D42C1685d03,-250 ENS,0xE4B23bd52CcB8596E7354f4aE79647095140502b,Governance Distribution,Eco Term 5 Gov Distribution to Builders
"Dec 20, 2024",0x2686A8919Df194aA7673244549E68D42C1685d03,-250 ENS,0x18deEE9699526f8C8a87004b2e4e55029Fb26b9a,Governance Distribution,Eco Term 5 Gov Distribution to Builders
"Dec 18, 2024",0x9B9c249Be04dd433c7e8FbBF5E61E6741b89966D,"-5,000 USDC",0xDb0281E631cc1AA1a9aA3692aB4d60a0F6E18569,Hackathons,ETHGlobal HackFS 2024 Prizes
"Dec 13, 2024",0x2686A8919Df194aA7673244549E68D42C1685d03,"-15,000 USDC",0x780BDD4FdFf5329ED68f95D0D3FcEd4aBb9e15D3,Misc,Sponsorship of .eth names for ETH Global hackers
"Dec 13, 2024",0x2686A8919Df194aA7673244549E68D42C1685d03,-1.0 ETH,0x90138150A4cF51Ae2CB7Fc6376771a7A858dd07c,Grants,Mini Grants: Grant for rescue.name
"Dec 12, 2024",0xebA76C907F02BA13064EDAD7876Fe51D9d856F62,"-5,000 USDC",0x7950aeE3952D6c6297Bf349E0d2731a745AaBB32,Grants,PG Large Grants Milestone Fulfillment (Onboarding LATAM)
"Dec 12, 2024",0xebA76C907F02BA13064EDAD7876Fe51D9d856F62,"-5,000 USDC",0x7950aeE3952D6c6297Bf349E0d2731a745AaBB32,Grants,PG Large Grants Milestone Fulfillment (Onboarding LATAM)
"Dec 11, 2024",0x2686A8919Df194aA7673244549E68D42C1685d03,-42.0 ETH,0x376b62610878f794de1a36aFff1030a9c04594Ad,Grants,Grant to Validator for names secured for brands and individuals
"Dec 7, 2024",0x2686A8919Df194aA7673244549E68D42C1685d03,-1.0 ETH,0x8d25687829D6b85d9e0020B8c89e3Ca24dE20a89,Grants,Mini Grants: Grant for ENS Reminders
"Dec 7, 2024",0x2686A8919Df194aA7673244549E68D42C1685d03,-1.0 ETH,0x328eBc7bb2ca4Bf4216863042a960E3C64Ed4c10,Grants,Mini Grants: Grant for flashbot bundler
"Dec 5, 2024",0x536013c57DAF01D78e8a70cAd1B1abAda9411819,"-4,000 USDC",0x367A0A9787D730436A3351Fa2D3FFEbf7b86E682,Events,IRL stipend to stewards for Devcon attendance
"Dec 5, 2024",0x536013c57DAF01D78e8a70cAd1B1abAda9411819,"-4,000 USDC",0x917cc6AE54fc28E1431508C0AaF4B195e6ef318B,Events,IRL stipend to stewards for Devcon attendance
"Dec 5, 2024",0x536013c57DAF01D78e8a70cAd1B1abAda9411819,"-4,000 USDC",0x1404A9B79456Ae07391F829FCF9b65d059ad8465,Events,IRL stipend to stewards for Devcon attendance
"Dec 5, 2024",0xebA76C907F02BA13064EDAD7876Fe51D9d856F62,"-5,000 USDC",0x7950aeE3952D6c6297Bf349E0d2731a745AaBB32,Grants,PG Large Grants Milestone Fulfillment (Onboarding LATAM)
"Dec 2, 2024",0x13aEe52C1C688d3554a15556c5353cb0c3696ea2,"-1,500 USDC",0x60dbF50076206F60bCc2Edf9295f5734561B8d77,Services,Monthly compensation for ENS Newsletter
"Dec 2, 2024",0x2686A8919Df194aA7673244549E68D42C1685d03,"-75,000 USDC",0x536013c57DAF01D78e8a70cAd1B1abAda9411819,Internal Transfer,-
"Dec 2, 2024",0x536013c57DAF01D78e8a70cAd1B1abAda9411819,"+75,000 USDC",0x2686A8919Df194aA7673244549E68D42C1685d03,Internal Transfer,-
"Dec 2, 2024",0x2686A8919Df194aA7673244549E68D42C1685d03,"-1,700 USDC",0x11725b126ff9e4279E4F645c87736a501Aa0eb1A,Services,Monthly payment for ENS discord support
"Dec 2, 2024",0x2686A8919Df194aA7673244549E68D42C1685d03,-560 USDC,0x60dbF50076206F60bCc2Edf9295f5734561B8d77,Services,Monthly payment for ENS X and Farcaster support
"Dec 2, 2024",0x2686A8919Df194aA7673244549E68D42C1685d03,"-25,000 USDC",0x5c51B52694719931919AebB2DcCf7ca3447d0608,Grants,Eco discretionary grant
"Nov 30, 2024",0x91c32893216dE3eA0a55ABb9851f581d4503d39b,-10 USDC,0x16be8cFbeD38582AAD0EAa6e8f2adB199152fB6A,DAO Tooling,Payment automation fee
"Nov 30, 2024",0x91c32893216dE3eA0a55ABb9851f581d4503d39b,-10 USDC,0x16be8cFbeD38582AAD0EAa6e8f2adB199152fB6A,DAO Tooling,Payment automation fee
"Nov 30, 2024",0x91c32893216dE3eA0a55ABb9851f581d4503d39b,"-4,500 USDC",0x1d921dff757610FbDB0073479e12c0a07d382677,Services,Monthly steward compensation
"Nov 30, 2024",0x91c32893216dE3eA0a55ABb9851f581d4503d39b,-10 USDC,0x16be8cFbeD38582AAD0EAa6e8f2adB199152fB6A,DAO Tooling,Payment automation fee
"Nov 30, 2024",0x91c32893216dE3eA0a55ABb9851f581d4503d39b,-10 USDC,0x16be8cFbeD38582AAD0EAa6e8f2adB199152fB6A,DAO Tooling,Payment automation fee
"Nov 30, 2024",0x91c32893216dE3eA0a55ABb9851f581d4503d39b,"-3,000 USDC",0xb1C376b6a13fc92009b4B512c46a872c62770ab0,Services,Monthly scribe compensation
"Nov 30, 2024",0x91c32893216dE3eA0a55ABb9851f581d4503d39b,-10 USDC,0x16be8cFbeD38582AAD0EAa6e8f2adB199152fB6A,DAO Tooling,Payment automation fee
"Nov 30, 2024",0x91c32893216dE3eA0a55ABb9851f581d4503d39b,"-9,500 USDC",0xaa7a0Fff587b5B75BF8c86f838eA74786E0C4930,Services,Monthly steward + secretary compensation
"Nov 30, 2024",0x91c32893216dE3eA0a55ABb9851f581d4503d39b,"-4,500 USDC",0xd2cc2e47c2Aecd01C87B83290c0Ee76BA67a7211,Services,Monthly steward compensation
"Nov 30, 2024",0x91c32893216dE3eA0a55ABb9851f581d4503d39b,"-4,500 USDC",0x54BeCc7560a7Be76d72ED76a1f5fee6C5a2A7Ab6,Services,Monthly steward compensation
"Nov 30, 2024",0x91c32893216dE3eA0a55ABb9851f581d4503d39b,"-4,000 USDC",0x60dbF50076206F60bCc2Edf9295f5734561B8d77,Services,Monthly steward compensation
"Nov 30, 2024",0x91c32893216dE3eA0a55ABb9851f581d4503d39b,-10 USDC,0x16be8cFbeD38582AAD0EAa6e8f2adB199152fB6A,None,-
"Nov 30, 2024",0x91c32893216dE3eA0a55ABb9851f581d4503d39b,"-3,000 USDC",0x80FFe5f0F3E38cbd31e6f00b9423Fb93Bbb1A57d,None,-
"Nov 30, 2024",0x91c32893216dE3eA0a55ABb9851f581d4503d39b,"-6,500 USDC",0xB9a0fB254Aea7Bcec79c7bd8052dcd902a5388Ff,None,-
"Nov 30, 2024",0x91c32893216dE3eA0a55ABb9851f581d4503d39b,-10 USDC,0x16be8cFbeD38582AAD0EAa6e8f2adB199152fB6A,None,-
"Nov 30, 2024",0x91c32893216dE3eA0a55ABb9851f581d4503d39b,"-5,500 USDC",0xA21875a467B43B63aF15A712C3627A70798588FC,None,-
"Nov 30, 2024",0x91c32893216dE3eA0a55ABb9851f581d4503d39b,-10 USDC,0x16be8cFbeD38582AAD0EAa6e8f2adB199152fB6A,None,-
"Nov 30, 2024",0x91c32893216dE3eA0a55ABb9851f581d4503d39b,-10 USDC,0x16be8cFbeD38582AAD0EAa6e8f2adB199152fB6A,None,-
"Nov 29, 2024",0x91c32893216dE3eA0a55ABb9851f581d4503d39b,"+30,000 ENS",0xFe89cc7aBB2C4183683ab71653C4cdc9B02D44b7,None,-
"Nov 29, 2024",0x91c32893216dE3eA0a55ABb9851f581d4503d39b,"+254,000 USDC",0xFe89cc7aBB2C4183683ab71653C4cdc9B02D44b7,None,-
"Nov 29, 2024",0xcD42b4c4D102cc22864e3A1341Bb0529c17fD87d,"+226,000 USDC",0xFe89cc7aBB2C4183683ab71653C4cdc9B02D44b7,Internal Transfer,WG Multisig Funding from DAO
"Nov 29, 2024",0x2686A8919Df194aA7673244549E68D42C1685d03,"+836,000 USDC",0xFe89cc7aBB2C4183683ab71653C4cdc9B02D44b7,Internal Transfer,WG Multisig Funding from DAO
"Nov 28, 2024",0x91c32893216dE3eA0a55ABb9851f581d4503d39b,"-15,000 ENS",0x3466EB008EDD8d5052446293D1a7D212cb65C646,None,-
"Nov 28, 2024",0x91c32893216dE3eA0a55ABb9851f581d4503d39b,"-100,000 USDC",0x0b48F961776Bb4678b7a4Fcf0711F3e86949f72b,None,-
"Nov 27, 2024",0x91c32893216dE3eA0a55ABb9851f581d4503d39b,"-4,000 USDC",0x60dbF50076206F60bCc2Edf9295f5734561B8d77,None,-
"Nov 26, 2024",0xebA76C907F02BA13064EDAD7876Fe51D9d856F62,"-18,000 USDC",0xcD42b4c4D102cc22864e3A1341Bb0529c17fD87d,Internal Transfer,-
"Nov 26, 2024",0xcD42b4c4D102cc22864e3A1341Bb0529c17fD87d,"+18,000 USDC",0xebA76C907F02BA13064EDAD7876Fe51D9d856F62,Internal Transfer,-
"Nov 26, 2024",0xebA76C907F02BA13064EDAD7876Fe51D9d856F62,"-30,000 USDC",0xFA3EFf9B199F1903d44Aeaab4Ff9859638028719,Grants,PG Large Grants Milestone Fulfillment (Firefly)
"Nov 26, 2024",0xebA76C907F02BA13064EDAD7876Fe51D9d856F62,"-5,000 USDC",0xADeAd18d0612cB0Bc46BFcFAD77dc07389aa331D,Grants,PG Large Grants Milestone Fulfillment (Urbe Campus)
"Nov 26, 2024",0x2686A8919Df194aA7673244549E68D42C1685d03,"-1,800 USDC",0x5DAbd4F6B820142EDeE7d9A2cd5F1bf4546791dD,Grants,Sponsorship of ENS graph queries for ENS Vision
"Nov 25, 2024",0x536013c57DAF01D78e8a70cAd1B1abAda9411819,"-20,000 USDC",0x690F0581eCecCf8389c223170778cD9D029606F2,Events,Sponsorship of social event after frENSday
"Nov 24, 2024",0xcD42b4c4D102cc22864e3A1341Bb0529c17fD87d,"-4,000 USDC",0xd2cc2e47c2Aecd01C87B83290c0Ee76BA67a7211,Events,IRL stipend to stewards for Devcon attendance
"Nov 24, 2024",0xcD42b4c4D102cc22864e3A1341Bb0529c17fD87d,"-4,000 USDC",0x1d921dff757610FbDB0073479e12c0a07d382677,Events,IRL stipend to stewards for Devcon attendance
"Nov 24, 2024",0xcD42b4c4D102cc22864e3A1341Bb0529c17fD87d,"-5,000 USDC",0x54BeCc7560a7Be76d72ED76a1f5fee6C5a2A7Ab6,Events,IRL stipend to stewards for Devcon attendance
"Nov 6, 2024",0x9B9c249Be04dd433c7e8FbBF5E61E6741b89966D,"-1,500 USDC",0x24bF6580ED276b6ff33269DD361eE00FE3a2c912,Misc,"Sponsorship of ""The Last Hackathon"" documentary"
"Nov 5, 2024",0x13aEe52C1C688d3554a15556c5353cb0c3696ea2,"-1,500 USDC",0x60dbF50076206F60bCc2Edf9295f5734561B8d77,Services,Monthly compensation for ENS Newsletter
"Oct 31, 2024",0x2686A8919Df194aA7673244549E68D42C1685d03,"-1,700 USDC",0x11725b126ff9e4279E4F645c87736a501Aa0eb1A,Services,Monthly payment for ENS discord support
"Oct 31, 2024",0x2686A8919Df194aA7673244549E68D42C1685d03,-560 USDC,0x60dbF50076206F60bCc2Edf9295f5734561B8d77,Services,Monthly payment for ENS X and Farcaster support
"Oct 29, 2024",0x9B9c249Be04dd433c7e8FbBF5E61E6741b89966D,"-3,000 USDC",0xd092FfdeCF51fA0c98cE03Eb9B1BB4CCbf8A15F6,Hackathons,ETHRome Hackathon prize winner
"Oct 29, 2024",0x9B9c249Be04dd433c7e8FbBF5E61E6741b89966D,-500 USDC,0x7c00dC7574605bb50ada16E75CC797eC7f17B7FE,Hackathons,ETHRome Hackathon prize winner
"Oct 29, 2024",0x9B9c249Be04dd433c7e8FbBF5E61E6741b89966D,-500 USDC,0xA60638304EB24C5581e9F57abfAc40cc9F0187c8,Hackathons,ETHRome Hackathon prize winner
"Oct 29, 2024",0x9B9c249Be04dd433c7e8FbBF5E61E6741b89966D,-500 USDC,0xC269Ac03E6A0Aa9332667a6cD2D531351Cc56776,Hackathons,ETHRome Hackathon prize winner
"Oct 29, 2024",0x9B9c249Be04dd433c7e8FbBF5E61E6741b89966D,-500 USDC,0x46B3555496f82C1D86B7f50573A66574e384E797,Hackathons,ETHRome Hackathon prize winner
"Oct 24, 2024",0x2686A8919Df194aA7673244549E68D42C1685d03,"-10,000 USDC",0xE4B23bd52CcB8596E7354f4aE79647095140502b,Grants,Grant for ensdata.net
"Oct 24, 2024",0x2686A8919Df194aA7673244549E68D42C1685d03,"-15,000 USDC",0xC9C022FCFebE730710aE93CA9247c5Ec9d9236d0,Grants,Grant for ensideas.com
"Oct 24, 2024",0x2686A8919Df194aA7673244549E68D42C1685d03,"-50,001 USDC",0x3a23F943181408EAC424116Af7b7790c94Cb97a5,Grants,Funding pool for Gitcoin Grants round 22
"Oct 21, 2024",0xebA76C907F02BA13064EDAD7876Fe51D9d856F62,"-20,000 USDC",0xADeAd18d0612cB0Bc46BFcFAD77dc07389aa331D,Grants,PG Large Grants Milestone Fulfillment (Urbe Campus)
"Oct 21, 2024",0xebA76C907F02BA13064EDAD7876Fe51D9d856F62,"-2,500 USDC",0xADeAd18d0612cB0Bc46BFcFAD77dc07389aa331D,Grants,PG Large Grants Milestone Fulfillment (Urbe Campus)
"Oct 16, 2024",0xcD42b4c4D102cc22864e3A1341Bb0529c17fD87d,"-3,000 USDC",0x0a64f452D41991e3fDC5e1a45aCb94C7b5faF32A,DAO Tooling,Costs associated with Questbook
"Oct 16, 2024",0xebA76C907F02BA13064EDAD7876Fe51D9d856F62,"-10,000 USDC",0x44F00C29a0b8514D017ac20fBDb0AA5078b860cE,Grants,PG Large Grants Milestone Fulfillment (Gashawk)
"Oct 16, 2024",0xebA76C907F02BA13064EDAD7876Fe51D9d856F62,"-12,500 USDC",0x9531C059098e3d194fF87FebB587aB07B30B1306,Grants,PG Large Grants Milestone Fulfillment (Gashawk)
"Oct 6, 2024",0xebA76C907F02BA13064EDAD7876Fe51D9d856F62,"-8,000 USDC",0x7950aeE3952D6c6297Bf349E0d2731a745AaBB32,Grants,PG Large Grants Milestone Fulfillment (Onboarding LATAM)
"Oct 4, 2024",0x2686A8919Df194aA7673244549E68D42C1685d03,"-25,000 USDC",0xBBa294D303555032C6BD1021C639654b95e77Fa8,Grants,Grant to 3DNS for .box tech
"Oct 4, 2024",0x2686A8919Df194aA7673244549E68D42C1685d03,"-93,750 USDC",0xBBa294D303555032C6BD1021C639654b95e77Fa8,Audit Support,Sponsorship for contract audits related to onchain DNS import made by 3DNS
"Oct 2, 2024",0xebA76C907F02BA13064EDAD7876Fe51D9d856F62,"-2,500 USDC",0xADeAd18d0612cB0Bc46BFcFAD77dc07389aa331D,Grants,PG Large Grants Milestone Fulfillment (Urbe Campus)
"Oct 2, 2024",0xebA76C907F02BA13064EDAD7876Fe51D9d856F62,"-5,000 USDC",0xADeAd18d0612cB0Bc46BFcFAD77dc07389aa331D,Grants,PG Large Grants Milestone Fulfillment (Urbe Campus)
"Oct 1, 2024",0x2686A8919Df194aA7673244549E68D42C1685d03,"-1,700 USDC",0x11725b126ff9e4279E4F645c87736a501Aa0eb1A,Services,Monthly payment for ENS discord support
"Oct 1, 2024",0x2686A8919Df194aA7673244549E68D42C1685d03,-560 USDC,0x60dbF50076206F60bCc2Edf9295f5734561B8d77,Services,Monthly payment for ENS X and Farcaster support
"Oct 1, 2024",0x13aEe52C1C688d3554a15556c5353cb0c3696ea2,"-1,500 USDC",0x60dbF50076206F60bCc2Edf9295f5734561B8d77,Services,Monthly compensation for ENS Newsletter
"Oct 1, 2024",0x536013c57DAF01D78e8a70cAd1B1abAda9411819,"-1,000 ENS",0x2686A8919Df194aA7673244549E68D42C1685d03,Internal Transfer,-
"Oct 1, 2024",0x2686A8919Df194aA7673244549E68D42C1685d03,"+1,000 ENS",0x536013c57DAF01D78e8a70cAd1B1abAda9411819,Internal Transfer,-
"Sep 30, 2024",0x9B9c249Be04dd433c7e8FbBF5E61E6741b89966D,"-17,500 USDC",0xCA74281b35b5a12484891edAC0Ef03D19c2DC118,Hackathons,ETH Denver 2025
"Sep 30, 2024",0x9B9c249Be04dd433c7e8FbBF5E61E6741b89966D,-10.0 WETH,0x9008D19f58AAbD9eD0D60971565AA8510560ab41,Swap,-
"Sep 30, 2024",0x9B9c249Be04dd433c7e8FbBF5E61E6741b89966D,"+26,114 USDC",0x9008D19f58AAbD9eD0D60971565AA8510560ab41,Swap,-
"Sep 30, 2024",0x9B9c249Be04dd433c7e8FbBF5E61E6741b89966D,-10.0 ETH,0xC02aaA39b223FE8D0A0e5C4F27eAD9083C756Cc2,Swap,-
"Sep 28, 2024",0x2686A8919Df194aA7673244549E68D42C1685d03,-2.0 ETH,0xf540fdFA0a08303C918ad383251ce8C48c42C39A,Misc,ENS Fairy bot gas refill
"Sep 24, 2024",0xebA76C907F02BA13064EDAD7876Fe51D9d856F62,"-20,000 USDC",0xFA3EFf9B199F1903d44Aeaab4Ff9859638028719,Grants,Large grant milestone fulfillment
"Sep 12, 2024",0x2686A8919Df194aA7673244549E68D42C1685d03,"-10,000 USDC",0x823b92d6a4b2AED4b15675c7917c9f922ea8ADAD,Grants,Grant to eth.sucks: https://discuss.ens.domains/t/term-5-grants-summary/18921/11?u=limes
"Sep 12, 2024",0x2686A8919Df194aA7673244549E68D42C1685d03,-90.0 WETH,0x9008D19f58AAbD9eD0D60971565AA8510560ab41,Swap,-
"Sep 12, 2024",0x2686A8919Df194aA7673244549E68D42C1685d03,"+211,138 USDC",0x9008D19f58AAbD9eD0D60971565AA8510560ab41,Swap,-
"Sep 12, 2024",0x2686A8919Df194aA7673244549E68D42C1685d03,-90.0 ETH,0xC02aaA39b223FE8D0A0e5C4F27eAD9083C756Cc2,Swap,-
"Sep 10, 2024",0xebA76C907F02BA13064EDAD7876Fe51D9d856F62,"-10,000 USDC",0x00080706a7D99CBC163D52dcF435205B1aD940D1,Grants,Large grant milestone fulfillment
"Sep 10, 2024",0xebA76C907F02BA13064EDAD7876Fe51D9d856F62,"-5,000 USDC",0x00080706a7D99CBC163D52dcF435205B1aD940D1,Grants,Large grant milestone fulfillment
"Sep 10, 2024",0xebA76C907F02BA13064EDAD7876Fe51D9d856F62,+1 USDC,0x00082099023cCC370E1Aa9102E3E2CaB0c1d40D1,None,-
"Sep 10, 2024",0xebA76C907F02BA13064EDAD7876Fe51D9d856F62,"-5,000 USDC",0x00080706a7D99CBC163D52dcF435205B1aD940D1,Grants,Large grant milestone fulfillment
"Sep 9, 2024",0xebA76C907F02BA13064EDAD7876Fe51D9d856F62,"-15,000 USDC",0x00080706a7D99CBC163D52dcF435205B1aD940D1,Grants,Large grant milestone fulfillment
"Sep 5, 2024",0x2686A8919Df194aA7673244549E68D42C1685d03,"-25,000 USDC",0x242ba6d68FfEb4a098B591B32d370F973FF882B7,Grants,"Blockscout Grant, https://discuss.ens.domains/t/term-5-grants-summary/18921/9?u=limes"
"Sep 5, 2024",0x2686A8919Df194aA7673244549E68D42C1685d03,-1.0 ETH,0x1337E2624ffEC537087c6774e9A18031CFEAf0a9,Grants,"Mini Grants Payment, Kiwi News"
"Sep 5, 2024",0x2686A8919Df194aA7673244549E68D42C1685d03,-1.0 ETH,0x571FD71E4ebc85037f5bB6439022E90Ce260dF39,Grants,"Mini Grants Payment, Scope.sh"
"Sep 5, 2024",0x2686A8919Df194aA7673244549E68D42C1685d03,-1.0 ETH,0x8d25687829D6b85d9e0020B8c89e3Ca24dE20a89,Grants,"Mini Grants Payment, ENS Bot"
"Sep 4, 2024",0xcD42b4c4D102cc22864e3A1341Bb0529c17fD87d,"-4,000 USDC",0x4f0B0426F2C370B61206172c8D042f54Ad384a62,Events,IRL stipend to Coltron for ETH Tokyo attendance
"Sep 4, 2024",0xcD42b4c4D102cc22864e3A1341Bb0529c17fD87d,"-2,700 USDC",0xcc49c3BD98d95dfB0b3a51E7DFf0Cb18241afd9D,Misc,50% payment for Large Grants long-form articles and twitter posts. See: https://hackmd.io/pItDksZoTz2G9hcvOpJpXg
"Sep 4, 2024",0xcD42b4c4D102cc22864e3A1341Bb0529c17fD87d,"-4,300 USDC",0x1d921dff757610FbDB0073479e12c0a07d382677,Events,IRL stipend to Eduardo for ETH Tokyo attendance
"Sep 4, 2024",0xebA76C907F02BA13064EDAD7876Fe51D9d856F62,"-5,000 USDC",0xADeAd18d0612cB0Bc46BFcFAD77dc07389aa331D,Grants,Scaffold ETH Large Grant Milestone fulfillment
"Sep 4, 2024",0xebA76C907F02BA13064EDAD7876Fe51D9d856F62,"-12,500 USDC",0x9531C059098e3d194fF87FebB587aB07B30B1306,Grants,Rotki Large Grant fulfillment
"Sep 4, 2024",0x2686A8919Df194aA7673244549E68D42C1685d03,-560 USDC,0x60dbF50076206F60bCc2Edf9295f5734561B8d77,Services,Monthly socials support
"Sep 4, 2024",0x2686A8919Df194aA7673244549E68D42C1685d03,"-1,700 USDC",0x11725b126ff9e4279E4F645c87736a501Aa0eb1A,Services,Monthly Discord Support
"Sep 3, 2024",0x536013c57DAF01D78e8a70cAd1B1abAda9411819,"-4,000 USDC",0x1404A9B79456Ae07391F829FCF9b65d059ad8465,Events,IRL stipend to 184 for ETH Tokyo attendance
"Sep 3, 2024",0x13aEe52C1C688d3554a15556c5353cb0c3696ea2,"-1,500 USDC",0x60dbF50076206F60bCc2Edf9295f5734561B8d77,Services,Monthly newsletter support
"Aug 30, 2024",0xebA76C907F02BA13064EDAD7876Fe51D9d856F62,"-10,000 USDC",0x4a8aB737cdB7DC3c56Dd59266591B9D2EB1e55aB,Grants,PG Large Grants
"Aug 30, 2024",0xebA76C907F02BA13064EDAD7876Fe51D9d856F62,"-20,000 USDC",0x4a8aB737cdB7DC3c56Dd59266591B9D2EB1e55aB,Grants,PG Large Grants
"Aug 29, 2024",0x2686A8919Df194aA7673244549E68D42C1685d03,"-100,000 USDC",0x50d6Ccf9e9cA7157f058545f0C3b2552041Ae483,Bounty,Top up of Immunifi bug bounty program
"Aug 29, 2024",0xebA76C907F02BA13064EDAD7876Fe51D9d856F62,"-10,000 USDC",0x44F00C29a0b8514D017ac20fBDb0AA5078b860cE,Grants,PG Large Grants
"Aug 20, 2024",0x2686A8919Df194aA7673244549E68D42C1685d03,-1.0 ETH,0x253553366Da8546fC250F225fe3d25d0C782303b,Grants,Extension of swc.eth for Stand with Crypto
"Aug 9, 2024",0xcD42b4c4D102cc22864e3A1341Bb0529c17fD87d,"-3,300 USDC",0x20e6cDba3a9e4D67bCFCA8Fe030697b1b8950F6D,Grants,PG Grants
"Aug 5, 2024",0x2686A8919Df194aA7673244549E68D42C1685d03,"-20,000 USDC",0x690F0581eCecCf8389c223170778cD9D029606F2,Events,Sponsorship of social event at frensday
"Aug 5, 2024",0x2686A8919Df194aA7673244549E68D42C1685d03,"-1,700 USDC",0x11725b126ff9e4279E4F645c87736a501Aa0eb1A,Services,Discord support
"Aug 5, 2024",0x2686A8919Df194aA7673244549E68D42C1685d03,-560 USDC,0x60dbF50076206F60bCc2Edf9295f5734561B8d77,Services,Social media management
"Aug 2, 2024",0x13aEe52C1C688d3554a15556c5353cb0c3696ea2,"-1,500 USDC",0x60dbF50076206F60bCc2Edf9295f5734561B8d77,Services,Newsletter services
"Jul 30, 2024",0xcD42b4c4D102cc22864e3A1341Bb0529c17fD87d,"-2,899 USDC",0xcc49c3BD98d95dfB0b3a51E7DFf0Cb18241afd9D,Services,Article writing for Newsletter
"Jul 28, 2024",0xcD42b4c4D102cc22864e3A1341Bb0529c17fD87d,+129 SAITABIT,0xD152f549545093347A162Dce210e7293f1452150,None,-
"Jul 24, 2024",0xcD42b4c4D102cc22864e3A1341Bb0529c17fD87d,"-5,000 USDC",0x7674D60760918Ae89cA71F2ce1Af2b2E740E2c8E,Events,Sponsorship of ETH Mexico
"Jul 17, 2024",0x536013c57DAF01D78e8a70cAd1B1abAda9411819,"-4,000 USDC",0xD00a853bcB6A2F24fC46E93FA109bdDaf6F38C87,Events,Travel reimbursement for ETH CC
"Jul 17, 2024",0x536013c57DAF01D78e8a70cAd1B1abAda9411819,"-4,000 USDC",0x917cc6AE54fc28E1431508C0AaF4B195e6ef318B,Events,Travel reimbursement for ETH CC
"Jul 17, 2024",0x536013c57DAF01D78e8a70cAd1B1abAda9411819,"-4,000 USDC",0x1404A9B79456Ae07391F829FCF9b65d059ad8465,Events,Travel reimbursement for ETH CC
"Jul 17, 2024",0x536013c57DAF01D78e8a70cAd1B1abAda9411819,"+30,349 USDC",0x9008D19f58AAbD9eD0D60971565AA8510560ab41,Swap,Swap ETH to USDC
"Jul 17, 2024",0x536013c57DAF01D78e8a70cAd1B1abAda9411819,-8.7 WETH,0x9008D19f58AAbD9eD0D60971565AA8510560ab41,Swap,Swap ETH to USDC
"Jul 17, 2024",0x536013c57DAF01D78e8a70cAd1B1abAda9411819,-8.7 ETH,0xC02aaA39b223FE8D0A0e5C4F27eAD9083C756Cc2,Swap,Swap ETH to USDC
"Jul 16, 2024",0xcD42b4c4D102cc22864e3A1341Bb0529c17fD87d,"-2,300 USDC",0x3DBBD0FD05Edcb3adC5B7F8F1C758Ea36D22E1E4,Grants,ENS PG Grants
"Jul 16, 2024",0x536013c57DAF01D78e8a70cAd1B1abAda9411819,"-14,917 USDC",0x87F2CD4e2933dfC2cf94372602ac23FC1aCc173f,Events,Payment for the ENS Unconference at ETH CC
"Jul 16, 2024",0x13aEe52C1C688d3554a15556c5353cb0c3696ea2,-162 USDC,0x60dbF50076206F60bCc2Edf9295f5734561B8d77,DAO Tooling,Purchase of Typefully subscription
"Jul 16, 2024",0xcD42b4c4D102cc22864e3A1341Bb0529c17fD87d,"-1,938 SAFE",0x91c32893216dE3eA0a55ABb9851f581d4503d39b,Internal Transfer,-
"Jul 16, 2024",0x91c32893216dE3eA0a55ABb9851f581d4503d39b,"+1,938 SAFE",0xcD42b4c4D102cc22864e3A1341Bb0529c17fD87d,Internal Transfer,-
"Jul 9, 2024",0x536013c57DAF01D78e8a70cAd1B1abAda9411819,+64 SAITABIT,0xD152f549545093347A162Dce210e7293f1452150,None,-
"Jul 9, 2024",0x2686A8919Df194aA7673244549E68D42C1685d03,+568 SAITABIT,0xD152f549545093347A162Dce210e7293f1452150,None,-
"Jul 7, 2024",0x13aEe52C1C688d3554a15556c5353cb0c3696ea2,-348 USDC,0x60dbF50076206F60bCc2Edf9295f5734561B8d77,DAO Tooling,Purchase of X premium
"Jul 1, 2024",0x2686A8919Df194aA7673244549E68D42C1685d03,"-1,700 USDC",0x11725b126ff9e4279E4F645c87736a501Aa0eb1A,Services,Discord management services
"Jul 1, 2024",0x2686A8919Df194aA7673244549E68D42C1685d03,-560 USDC,0x60dbF50076206F60bCc2Edf9295f5734561B8d77,Services,Social media management services
"Jul 1, 2024",0x13aEe52C1C688d3554a15556c5353cb0c3696ea2,"-1,500 USDC",0x60dbF50076206F60bCc2Edf9295f5734561B8d77,Services,Newsletter writing
"Jun 25, 2024",0x536013c57DAF01D78e8a70cAd1B1abAda9411819,-473 SAFE,0x91c32893216dE3eA0a55ABb9851f581d4503d39b,Internal Transfer,-
"Jun 25, 2024",0x91c32893216dE3eA0a55ABb9851f581d4503d39b,+473 SAFE,0x536013c57DAF01D78e8a70cAd1B1abAda9411819,Internal Transfer,-
"Jun 25, 2024",0x2686A8919Df194aA7673244549E68D42C1685d03,"-2,685 SAFE",0x91c32893216dE3eA0a55ABb9851f581d4503d39b,Internal Transfer,-
"Jun 25, 2024",0x91c32893216dE3eA0a55ABb9851f581d4503d39b,"+2,685 SAFE",0x2686A8919Df194aA7673244549E68D42C1685d03,Internal Transfer,-
"Jun 20, 2024",0xcD42b4c4D102cc22864e3A1341Bb0529c17fD87d,-3.0 ETH,0x9531C059098e3d194fF87FebB587aB07B30B1306,Grants,Small Grants Round 13
"Jun 20, 2024",0xcD42b4c4D102cc22864e3A1341Bb0529c17fD87d,-0.3 ETH,0x91657F94740852406d9e57AE156e9A9D510f6d48,Grants,Small Grants Round 13
"Jun 20, 2024",0xcD42b4c4D102cc22864e3A1341Bb0529c17fD87d,-2.0 ETH,0x63A556c75443b176b5A4078e929e38bEb37a1ff2,Grants,Small Grants Round 13
"Jun 20, 2024",0xcD42b4c4D102cc22864e3A1341Bb0529c17fD87d,-0.3 ETH,0xd48FbAF788EE2831086F074c208CD90269eAD050,Grants,Small Grants Round 13
"Jun 20, 2024",0xcD42b4c4D102cc22864e3A1341Bb0529c17fD87d,-0.3 ETH,0x97e5552F5Ba70FD4b6a537C2a24fC22D7278CcAf,Grants,Small Grants Round 13
"Jun 20, 2024",0xcD42b4c4D102cc22864e3A1341Bb0529c17fD87d,-0.3 ETH,0xd1B8dB70Ded72dB850713b2ce7e1A4FfAfAD95d1,Grants,ENS Small grants 13
"Jun 20, 2024",0xcD42b4c4D102cc22864e3A1341Bb0529c17fD87d,-0.3 ETH,0x3870e55eFDE6D1daBc3E1c16e5444D0D8952D324,Grants,Small Grants Round 13
"Jun 20, 2024",0xcD42b4c4D102cc22864e3A1341Bb0529c17fD87d,-1.0 ETH,0xD58bF63C2a565DcED209D608c240463F5f3982e9,Grants,Small Grants Round 13
"Jun 20, 2024",0xcD42b4c4D102cc22864e3A1341Bb0529c17fD87d,-0.3 ETH,0xd43b89621fFd48A8A51704f85fd0C87CbC0EB299,Grants,Small Grants Round 13
"Jun 20, 2024",0xcD42b4c4D102cc22864e3A1341Bb0529c17fD87d,-0.3 ETH,0x83897407f193E2736912b191Cc0d98ff53ea5533,Grants,Small Grants Round 13
"Jun 19, 2024",0x2686A8919Df194aA7673244549E68D42C1685d03,-97 DAI,0x9008D19f58AAbD9eD0D60971565AA8510560ab41,Swap,Swap to USDC
"Jun 19, 2024",0x2686A8919Df194aA7673244549E68D42C1685d03,+90 USDC,0x9008D19f58AAbD9eD0D60971565AA8510560ab41,Swap,Swap to USDC
"Jun 19, 2024",0x2686A8919Df194aA7673244549E68D42C1685d03,"+25,783 USDC",0x0D06A817584ac378849f03Df6F11a9Ad67Dd786D,Internal Transfer,Multisig consolidation
"Jun 19, 2024",0x2686A8919Df194aA7673244549E68D42C1685d03,+500 ENS,0x0D06A817584ac378849f03Df6F11a9Ad67Dd786D,Internal Transfer,Multisig consolidation
"Jun 19, 2024",0x2686A8919Df194aA7673244549E68D42C1685d03,+4.9 ETH,0x0D06A817584ac378849f03Df6F11a9Ad67Dd786D,Internal Transfer,Multisig consolidation
"Jun 14, 2024",0xcD42b4c4D102cc22864e3A1341Bb0529c17fD87d,+0 USDC,0xebA707DE0cBfF248637216CCaeA0AAf1A4406F62,None,-
"Jun 14, 2024",0xcD42b4c4D102cc22864e3A1341Bb0529c17fD87d,"-300,000 USDC",0xebA76C907F02BA13064EDAD7876Fe51D9d856F62,Internal Transfer,-
"Jun 14, 2024",0xebA76C907F02BA13064EDAD7876Fe51D9d856F62,"+300,000 USDC",0xcD42b4c4D102cc22864e3A1341Bb0529c17fD87d,Internal Transfer,-
"Jun 13, 2024",0x2686A8919Df194aA7673244549E68D42C1685d03,+0 USDC,0x50D6F60C86C4Ea12A37241aDC8AC74af8641E483,None,-
"Jun 13, 2024",0x2686A8919Df194aA7673244549E68D42C1685d03,"-250,000 USDC",0x50d6Ccf9e9cA7157f058545f0C3b2552041Ae483,Bounty,Immunifi Bug Bounty Payment
"Jun 13, 2024",0x9B9c249Be04dd433c7e8FbBF5E61E6741b89966D,"-14,680 USDC",0xADeAd18d0612cB0Bc46BFcFAD77dc07389aa331D,Hackathons,ETHRome 2024 sponsorship
"Jun 11, 2024",0x536013c57DAF01D78e8a70cAd1B1abAda9411819,-883 USDC,0x035eBd096AFa6b98372494C7f08f3402324117D3,Events,IRL Expenses for event held in ETH Belgrade
"Jun 2, 2024",0x2686A8919Df194aA7673244549E68D42C1685d03,-560 USDC,0x60dbF50076206F60bCc2Edf9295f5734561B8d77,Services,ENS Social media management services
"Jun 2, 2024",0x2686A8919Df194aA7673244549E68D42C1685d03,"-1,700 USDC",0x11725b126ff9e4279E4F645c87736a501Aa0eb1A,Services,ENS Discord Management Services
"Jun 1, 2024",0x13aEe52C1C688d3554a15556c5353cb0c3696ea2,"-1,500 USDC",0x60dbF50076206F60bCc2Edf9295f5734561B8d77,Services,ENS newsletter development
"May 29, 2024",0xcD42b4c4D102cc22864e3A1341Bb0529c17fD87d,-0.3 ETH,0xe6829705c43530973c9a9394513a18e6a60ea22a,Grants,PG Small Grants Round 12
"May 29, 2024",0xcD42b4c4D102cc22864e3A1341Bb0529c17fD87d,-0.3 ETH,0x5219ffb88175588510e9752A1ecaA3cd217ca783,Grants,PG Small Grants Round 12
"May 29, 2024",0xcD42b4c4D102cc22864e3A1341Bb0529c17fD87d,-0.3 ETH,0x9531C059098e3d194fF87FebB587aB07B30B1306,Grants,PG Small Grants Round 12
"May 29, 2024",0xcD42b4c4D102cc22864e3A1341Bb0529c17fD87d,-0.3 ETH,0xD39A979841623A4731FD41B0BA72262F7cc9667c,Grants,PG Small Grants Round 12
"May 29, 2024",0xcD42b4c4D102cc22864e3A1341Bb0529c17fD87d,-3.0 ETH,0xD58bF63C2a565DcED209D608c240463F5f3982e9,Grants,PG Small Grants Round 12
"May 29, 2024",0xcD42b4c4D102cc22864e3A1341Bb0529c17fD87d,-1.0 ETH,0x2c844b941C67b24C799Fd43bAd117cDF7F23ef81,Grants,PG Small Grants Round 12
"May 29, 2024",0xcD42b4c4D102cc22864e3A1341Bb0529c17fD87d,-0.3 ETH,0xbc7797319B3eD4246c7078CC4e8B28Ea2C6872D0,Grants,PG Small Grants Round 12
"May 29, 2024",0xcD42b4c4D102cc22864e3A1341Bb0529c17fD87d,-0.3 ETH,0x83897407f193E2736912b191Cc0d98ff53ea5533,Grants,PG Small Grants Round 12
"May 29, 2024",0xcD42b4c4D102cc22864e3A1341Bb0529c17fD87d,-0.3 ETH,0xd48FbAF788EE2831086F074c208CD90269eAD050,Grants,PG Small Grants Round 12
"May 29, 2024",0xcD42b4c4D102cc22864e3A1341Bb0529c17fD87d,-2.0 ETH,0xd1B8dB70Ded72dB850713b2ce7e1A4FfAfAD95d1,Grants,PG Small Grants Round 12
"May 21, 2024",0xcD42b4c4D102cc22864e3A1341Bb0529c17fD87d,"-16,000 USDC",0x324d62eea625a84E04940A560564d8882FF5B05E,Events,Fracton Ventures DAO Tokyo Sponsorship
"May 21, 2024",0xcD42b4c4D102cc22864e3A1341Bb0529c17fD87d,"-5,000 USDC",0xE9418B33Ce595B2A305501194229700c712E6EA1,Bounty,This is a payment for the 1st winner of the PG Bounty hiwomenbiz
"May 21, 2024",0xcD42b4c4D102cc22864e3A1341Bb0529c17fD87d,"-30,000 USDC",0x9531C059098e3d194fF87FebB587aB07B30B1306,Grants,Final Large grant payment. This satisfies large grant rounds for Rotki.
"May 20, 2024",0x2686A8919Df194aA7673244549E68D42C1685d03,"-4,900 USDC",0x3a23F943181408EAC424116Af7b7790c94Cb97a5,Grants,Gitcoin Grant Round 20
"May 20, 2024",0x2686A8919Df194aA7673244549E68D42C1685d03,-100 USDC,0x3a23F943181408EAC424116Af7b7790c94Cb97a5,Grants,Gitcoin Grant Round 20 initial bridge test transaction
"May 20, 2024",0x2686A8919Df194aA7673244549E68D42C1685d03,"-50,004 USDC",0xd0Dd053392db676D57317CD4fe96Fc2cCf42D0b4,Grants,Drips Grant
"May 14, 2024",0xcD42b4c4D102cc22864e3A1341Bb0529c17fD87d,"-5,000 USDC",0x2D85f8682F3dbAe9c65dB9E7ba239E4dE733D8d1,Grants,Latina Blockchain Hackathon
"May 14, 2024",0xcD42b4c4D102cc22864e3A1341Bb0529c17fD87d,"-20,000 USDC",0xe126b3E5d052f1F575828f61fEBA4f4f2603652a,Grants,Milestone 1 ENS Large Grant. Revoke Cash
"May 14, 2024",0xcD42b4c4D102cc22864e3A1341Bb0529c17fD87d,"-12,500 USDC",0x53390590476dC98860316e4B46Bb9842AF55efc4,Grants,Dappnode Second and final payment for ENS Large Grant. Total of 25k awarded.
"Apr 30, 2024",0x13aEe52C1C688d3554a15556c5353cb0c3696ea2,"-1,500 USDC",0x60dbF50076206F60bCc2Edf9295f5734561B8d77,Services,Newsletter services
"Apr 30, 2024",0x2686A8919Df194aA7673244549E68D42C1685d03,"-1,700 USDC",0x11725b126ff9e4279E4F645c87736a501Aa0eb1A,Services,ENS Discord management
"Apr 30, 2024",0x2686A8919Df194aA7673244549E68D42C1685d03,-560 USDC,0x60dbF50076206F60bCc2Edf9295f5734561B8d77,Services,ENS DAO social management
"Apr 27, 2024",0x2686A8919Df194aA7673244549E68D42C1685d03,-0.5 ETH,0x3AAe10803fd40005a6132e6b9F5cd6Ac0657bF60,Bounty,library support related to bounty caster bounty for CCIP-Read and Wildcard resolution in go-ens https://warpcast.com/slobo.eth/0xbee9ba20
"Apr 25, 2024",0xcD42b4c4D102cc22864e3A1341Bb0529c17fD87d,"-20,000 USDC",0x2921054C11f0307Ff402885C7186d9820E4d95D5,Grants,"The second and final payment (20,000 USDC) for milestone completion in ENS Large Grants."
"Apr 18, 2024",0x2686A8919Df194aA7673244549E68D42C1685d03,"-9,900 USDC",0xdF8ec14222ce1127d31A3828758B53b40AbaCC17,Misc,.eth sponsorship ETH Global initiative 2/2
"Apr 18, 2024",0x2686A8919Df194aA7673244549E68D42C1685d03,-100 USDC,0xdF8ec14222ce1127d31A3828758B53b40AbaCC17,Misc,ETH Global ENS name sponsorship initiative refund
"Apr 14, 2024",0x2686A8919Df194aA7673244549E68D42C1685d03,"-25,000 USDC",0x59AD62Fe873409969AC636Ec38eDD000411b0847,Grants,Namesys Grant
"Apr 13, 2024",0xcD42b4c4D102cc22864e3A1341Bb0529c17fD87d,+21.5 ETH,0xFe89cc7aBB2C4183683ab71653C4cdc9B02D44b7,Internal Transfer,WG funding from DAO Wallet
"Apr 13, 2024",0xcD42b4c4D102cc22864e3A1341Bb0529c17fD87d,"+450,300 USDC",0xFe89cc7aBB2C4183683ab71653C4cdc9B02D44b7,Internal Transfer,WG funding from DAO Wallet
"Apr 12, 2024",0x536013c57DAF01D78e8a70cAd1B1abAda9411819,"-1,370 USDC",0x000ee9A6Bcec9AadCc883bD52B2c9A75FB098991,Events,Rio onchain ENS workshop sponsorship
"Apr 12, 2024",0x2686A8919Df194aA7673244549E68D42C1685d03,-1 USDC,0x7e77461CA2a9d82d26FD5e0Da2243BF72eA45747,Grants,Gitcoin Grant Bridging to Arbitrum Test transaction
"Apr 2, 2024",0x2686A8919Df194aA7673244549E68D42C1685d03,"-1,500 USDC",0x11725b126ff9e4279E4F645c87736a501Aa0eb1A,Services,ENS Discord Support Payment
"Apr 2, 2024",0x2686A8919Df194aA7673244549E68D42C1685d03,-560 USDC,0x60dbF50076206F60bCc2Edf9295f5734561B8d77,Services,ENS Social Support payment
"Apr 2, 2024",0x13aEe52C1C688d3554a15556c5353cb0c3696ea2,"-1,500 USDC",0x60dbF50076206F60bCc2Edf9295f5734561B8d77,Services,ENS Newsletter Operations Payment
"Mar 31, 2024",0x2686A8919Df194aA7673244549E68D42C1685d03,"-10,000 USDC",0xC9C022FCFebE730710aE93CA9247c5Ec9d9236d0,Grants,Grant for ENSideas API
"Mar 31, 2024",0x2686A8919Df194aA7673244549E68D42C1685d03,"-25,000 USDC",0xd4864A82F8c875aaDd653f3BDEFF3C9e2F11A848,Grants,Grant for Fluidkey
"Mar 31, 2024",0x2686A8919Df194aA7673244549E68D42C1685d03,"-25,000 USDC",0x9d4E94dB689Bc471E45b0a18B7BdA36FcCeC9c3b,Grants,Grant for onthis.xyz
"Mar 31, 2024",0x2686A8919Df194aA7673244549E68D42C1685d03,"-25,000 USDC",0x2AC6A3561a43f06d62602eF9728C2B9eEc393326,Grants,Grant for 1w3
"Mar 31, 2024",0x2686A8919Df194aA7673244549E68D42C1685d03,"-10,000 USDC",0xE4B23bd52CcB8596E7354f4aE79647095140502b,Grants,Grant for ENSdata.net
"Mar 31, 2024",0x2686A8919Df194aA7673244549E68D42C1685d03,"-25,000 USDC",0x090295882A6C69a79D9B293124fDd7dC9e181013,Grants,Grant for Beaconchain
"Mar 27, 2024",0x536013c57DAF01D78e8a70cAd1B1abAda9411819,"-4,000 USDC",0xD00a853bcB6A2F24fC46E93FA109bdDaf6F38C87,Events,Ecosystem Travel reimbursement for ETH London
"Mar 27, 2024",0x536013c57DAF01D78e8a70cAd1B1abAda9411819,"-4,000 USDC",0x1404A9B79456Ae07391F829FCF9b65d059ad8465,Events,Ecosystem Travel reimbursement for ETH London
"Mar 27, 2024",0x536013c57DAF01D78e8a70cAd1B1abAda9411819,"-4,000 USDC",0x917cc6AE54fc28E1431508C0AaF4B195e6ef318B,Events,Ecosystem Travel reimbursement for ETH London
"Mar 27, 2024",0xcD42b4c4D102cc22864e3A1341Bb0529c17fD87d,"-5,000 USDC",0x730991197E1A832B7ec07Cff1387d3F1064a3f8c,Events,Public Goods travel reimbursement
"Mar 27, 2024",0xcD42b4c4D102cc22864e3A1341Bb0529c17fD87d,"-2,000 USDC",0x3DBBD0FD05Edcb3adC5B7F8F1C758Ea36D22E1E4,Services,Payment to Tally for services related to sponsoring gas for ENS voting transactions
"Mar 25, 2024",0x536013c57DAF01D78e8a70cAd1B1abAda9411819,"-3,000 USDC",0x5e1b182e53f44a72E556FD1dAE0C24A077Cfbe38,Events,Farcon event sponsorship payment
"Mar 6, 2024",0x536013c57DAF01D78e8a70cAd1B1abAda9411819,"-8,901 USDC",0xD00a853bcB6A2F24fC46E93FA109bdDaf6F38C87,Events,IRL Expense for ETH Denver 2024 Food + Drinks
"Mar 6, 2024",0x536013c57DAF01D78e8a70cAd1B1abAda9411819,"-2,000 USDC",0xD00a853bcB6A2F24fC46E93FA109bdDaf6F38C87,Events,IRL travel reimbursement to Ecosystem Stewards for ETH Denver 2024
"Mar 6, 2024",0x536013c57DAF01D78e8a70cAd1B1abAda9411819,"-4,000 USDC",0x1404A9B79456Ae07391F829FCF9b65d059ad8465,Events,IRL travel reimbursement to Ecosystem Stewards for ETH Denver 2024
"Mar 6, 2024",0x536013c57DAF01D78e8a70cAd1B1abAda9411819,"-2,000 USDC",0x917cc6AE54fc28E1431508C0AaF4B195e6ef318B,Events,IRL travel reimbursement to Ecosystem Stewards for ETH Denver 2024
"Mar 2, 2024",0x2686A8919Df194aA7673244549E68D42C1685d03,-560 USDC,0x60dbF50076206F60bCc2Edf9295f5734561B8d77,Services,ENS DAO social media support
"Mar 2, 2024",0x2686A8919Df194aA7673244549E68D42C1685d03,"-1,500 USDC",0x11725b126ff9e4279E4F645c87736a501Aa0eb1A,Services,ENS Discord support
"Mar 2, 2024",0x13aEe52C1C688d3554a15556c5353cb0c3696ea2,"-1,500 USDC",0x60dbF50076206F60bCc2Edf9295f5734561B8d77,Services,Newsletter operations payment
"Mar 1, 2024",0x536013c57DAF01D78e8a70cAd1B1abAda9411819,"-1,750 USDC",0xCbf0Ff50786DD6179b5106e8289d86C8128141d1,Services,POAP Curation Services for ETH Denver Stewards and ETH Denver ENS event
"Mar 1, 2024",0x2686A8919Df194aA7673244549E68D42C1685d03,"-9,000 USDC",0x13aEe52C1C688d3554a15556c5353cb0c3696ea2,Internal Transfer,-
"Mar 1, 2024",0x13aEe52C1C688d3554a15556c5353cb0c3696ea2,"+9,000 USDC",0x2686A8919Df194aA7673244549E68D42C1685d03,Internal Transfer,-
"Mar 1, 2024",0x2686A8919Df194aA7673244549E68D42C1685d03,"-50,000 USDC",0x536013c57DAF01D78e8a70cAd1B1abAda9411819,Internal Transfer,-
"Mar 1, 2024",0x536013c57DAF01D78e8a70cAd1B1abAda9411819,"+50,000 USDC",0x2686A8919Df194aA7673244549E68D42C1685d03,Internal Transfer,-
"Feb 22, 2024",0xcD42b4c4D102cc22864e3A1341Bb0529c17fD87d,"-10,000 USDC",0xB03Abf64f0582BE24cd8A17C79ab053C48c3Fe7E,Events,ETHLatam Sponsorship
"Feb 22, 2024",0xcD42b4c4D102cc22864e3A1341Bb0529c17fD87d,"-4,000 USDC",0x1d921dff757610FbDB0073479e12c0a07d382677,Events,Expenses for Eduardo travel to Honduras and Panamá
"Feb 7, 2024",0xB162Bf7A7fD64eF32b787719335d06B2780e31D1,"-6,257 USDC",0xB352bB4E2A4f27683435f153A259f1B207218b1b,Misc,Backdated pay to service providers
"Feb 7, 2024",0xB162Bf7A7fD64eF32b787719335d06B2780e31D1,"-2,503 USDC",0x168CAfEcFBE97dF85968Ea039CC11D10a9A44567,Misc,Backdated pay to service providers
"Feb 7, 2024",0xB162Bf7A7fD64eF32b787719335d06B2780e31D1,"-2,503 USDC",0xAAA6E2E683a128B34390B2985B4Ae4e7b42935f0,Misc,Backdated pay to service providers
"Feb 7, 2024",0xB162Bf7A7fD64eF32b787719335d06B2780e31D1,"-5,006 USDC",0x64Ca550F78d6Cc711B247319CC71A04A166707Ab,Misc,Backdated pay to service providers
"Feb 6, 2024",0xB162Bf7A7fD64eF32b787719335d06B2780e31D1,"+17,000 USDC",0x1BA8603DA702602A8657980e825A6DAa03Dee93a,Internal Transfer,-
"Feb 2, 2024",0xcD42b4c4D102cc22864e3A1341Bb0529c17fD87d,"-30,000 USDC",0x44F00C29a0b8514D017ac20fBDb0AA5078b860cE,Grants,Final payment for Gashawks large grants. 20k for milestone 2 and 10k kicker for delivering on time. This completes their 50k total large grant disbursements
"Feb 2, 2024",0xcD42b4c4D102cc22864e3A1341Bb0529c17fD87d,"-17,500 USDC",0x55aEd0ce035883626e536254dda2F23a5b5D977f,Grants,"2nd and Final payment for 2nd milestone. Delivered: ""Publish the proposal as an RIP, Follow-up of integration decisions, client implementations, and hard forks Plan discussion meetings with rollup teams to speed up their integration."""
"Jan 31, 2024",0xcD42b4c4D102cc22864e3A1341Bb0529c17fD87d,"-1,001 USDC",0xcc49c3BD98d95dfB0b3a51E7DFf0Cb18241afd9D,Services,Guest Opinion Piece on ENS Newsletter
"Jan 31, 2024",0x2686A8919Df194aA7673244549E68D42C1685d03,"-1,500 USDC",0x11725b126ff9e4279E4F645c87736a501Aa0eb1A,Services,ENS discord management operations
"Jan 31, 2024",0x2686A8919Df194aA7673244549E68D42C1685d03,-500 USDC,0x60dbF50076206F60bCc2Edf9295f5734561B8d77,Services,ENS Social media management
"Jan 31, 2024",0x13aEe52C1C688d3554a15556c5353cb0c3696ea2,"-1,500 USDC",0x60dbF50076206F60bCc2Edf9295f5734561B8d77,Services,ENS newsletter development
"Jan 29, 2024",0x9B9c249Be04dd433c7e8FbBF5E61E6741b89966D,"-240,000 USDC",0x652E6bd691c6b07A2efb22AD04924664F07c9B9D,Hackathons,ETH Global hackathon sponsorship
"Jan 26, 2024",0x2686A8919Df194aA7673244549E68D42C1685d03,"-200,000 USDC",0x9B9c249Be04dd433c7e8FbBF5E61E6741b89966D,Internal Transfer,multisig consolidation
"Jan 26, 2024",0x9B9c249Be04dd433c7e8FbBF5E61E6741b89966D,"+200,000 USDC",0x2686A8919Df194aA7673244549E68D42C1685d03,Internal Transfer,multisig consolidation
"Jan 24, 2024",0x2686A8919Df194aA7673244549E68D42C1685d03,"+2,000 ENS",0x6a016548310076285668E2378DF70bd545396b5a,Internal Transfer,multisig consolidation
"Jan 24, 2024",0x2686A8919Df194aA7673244549E68D42C1685d03,"+157,000 USDC",0x6a016548310076285668E2378DF70bd545396b5a,Internal Transfer,multisig consolidation
"Jan 24, 2024",0x2686A8919Df194aA7673244549E68D42C1685d03,+97 DAI,0xBa0c461b22d918FB1F52fEF556310230d177D1F2,Internal Transfer,multisig consolidation
"Jan 24, 2024",0x2686A8919Df194aA7673244549E68D42C1685d03,+38.0 ETH,0x6a016548310076285668E2378DF70bd545396b5a,Internal Transfer,multisig consolidation
"Jan 19, 2024",0xcD42b4c4D102cc22864e3A1341Bb0529c17fD87d,"-5,000 USDC",0x32d80976213c5bEa149D2D4560a46417e90Bc87D,Grants,EFP Public Goods Grant
"Jan 19, 2024",0xcD42b4c4D102cc22864e3A1341Bb0529c17fD87d,"-5,000 USDC",0x1883C7aB3A287733024694E824aE8d8E644b2d78,Grants,EFP Public Goods Grant
"Jan 8, 2024",0xcD42b4c4D102cc22864e3A1341Bb0529c17fD87d,-350 USDC,0xcc49c3BD98d95dfB0b3a51E7DFf0Cb18241afd9D,Services,Payment for Guest ENS Newsletter Appearence
"Jan 4, 2024",0x2686A8919Df194aA7673244549E68D42C1685d03,+19.0 ETH,0x69A79128462853833E22bBA1A43bcdAC4725761b,Internal Transfer,multisig consolidation
"Jan 4, 2024",0x2686A8919Df194aA7673244549E68D42C1685d03,"+1,250 ENS",0x69A79128462853833E22bBA1A43bcdAC4725761b,Internal Transfer,multisig consolidation
"Jan 4, 2024",0x2686A8919Df194aA7673244549E68D42C1685d03,"+66,422 USDC",0x69A79128462853833E22bBA1A43bcdAC4725761b,Internal Transfer,multisig consolidation
"Dec 31, 2023",0x13aEe52C1C688d3554a15556c5353cb0c3696ea2,"-1,500 USDC",0x60dbF50076206F60bCc2Edf9295f5734561B8d77,None,-
"Dec 28, 2023",0x536013c57DAF01D78e8a70cAd1B1abAda9411819,-178 USDC,0x367A0A9787D730436A3351Fa2D3FFEbf7b86E682,None,-
"Dec 28, 2023",0x2686A8919Df194aA7673244549E68D42C1685d03,+3.8 ETH,0xBa0c461b22d918FB1F52fEF556310230d177D1F2,None,-
"Dec 28, 2023",0x2686A8919Df194aA7673244549E68D42C1685d03,"+140,480 USDC",0xBa0c461b22d918FB1F52fEF556310230d177D1F2,None,-
"Dec 27, 2023",0x2686A8919Df194aA7673244549E68D42C1685d03,-2.0 ETH,0xf540fdFA0a08303C918ad383251ce8C48c42C39A,None,-
"Dec 27, 2023",0x2686A8919Df194aA7673244549E68D42C1685d03,-10.0 ETH,0x481f50a5BdcCC0bc4322C4dca04301433dED50f0,None,-
"Dec 21, 2023",0x2686A8919Df194aA7673244549E68D42C1685d03,"-1,000 ENS",0xC9C022FCFebE730710aE93CA9247c5Ec9d9236d0,None,-
"Dec 21, 2023",0x2686A8919Df194aA7673244549E68D42C1685d03,"-1,000 ENS",0x090295882A6C69a79D9B293124fDd7dC9e181013,None,-
"Dec 21, 2023",0x2686A8919Df194aA7673244549E68D42C1685d03,"-1,000 ENS",0x546B9AC9a6C0A7E50Caa189F021b1ccC676e1D7E,None,-
"Dec 21, 2023",0x2686A8919Df194aA7673244549E68D42C1685d03,"-1,000 ENS",0xAC50cE326de14dDF9b7e9611Cd2F33a1Af8aC039,None,-
"Dec 21, 2023",0x2686A8919Df194aA7673244549E68D42C1685d03,"-1,000 ENS",0x8b1f85a93Ac6E4F62695Ea8EF2410d248605FEff,None,-
"Dec 21, 2023",0x2686A8919Df194aA7673244549E68D42C1685d03,"-1,000 ENS",0x60dbF50076206F60bCc2Edf9295f5734561B8d77,None,-
"Dec 21, 2023",0x2686A8919Df194aA7673244549E68D42C1685d03,"-1,000 ENS",0x1208a26FAa0F4AC65B42098419EB4dAA5e580AC6,None,-
"Dec 21, 2023",0x2686A8919Df194aA7673244549E68D42C1685d03,"-1,000 ENS",0x905296ED6411D92165349b468ca838D83fE96AE4,None,-
"Dec 21, 2023",0x2686A8919Df194aA7673244549E68D42C1685d03,"-1,000 ENS",0x2AC6A3561a43f06d62602eF9728C2B9eEc393326,None,-
"Dec 21, 2023",0x2686A8919Df194aA7673244549E68D42C1685d03,"-1,000 ENS",0x59AD62Fe873409969AC636Ec38eDD000411b0847,None,-
"Dec 21, 2023",0x2686A8919Df194aA7673244549E68D42C1685d03,"-1,000 ENS",0xB352bB4E2A4f27683435f153A259f1B207218b1b,None,-
"Dec 20, 2023",0xcD42b4c4D102cc22864e3A1341Bb0529c17fD87d,-285 USDC,0x9Ecf21085b13C62351D87c19F1BBdD23b83767Ff,None,-
"Dec 20, 2023",0xcD42b4c4D102cc22864e3A1341Bb0529c17fD87d,-285 USDC,0xAF0DE9616735ED16E25F0C08829d5E37068dd375,None,-
"Dec 20, 2023",0xcD42b4c4D102cc22864e3A1341Bb0529c17fD87d,"-1,000 USDC",0xAe46E37B5628947aC159F001a847E87452175D99,None,-
"Dec 20, 2023",0xcD42b4c4D102cc22864e3A1341Bb0529c17fD87d,-285 USDC,0x0D1f5D146B7D8632D94CAEf11c6B4dC4e558503b,None,-
"Dec 20, 2023",0xcD42b4c4D102cc22864e3A1341Bb0529c17fD87d,-285 USDC,0xbd5eb58790C4C8FE959f8Ea9d736DB3619A59300,None,-
"Dec 20, 2023",0xcD42b4c4D102cc22864e3A1341Bb0529c17fD87d,-285 USDC,0x453712F21DDDA4b7C00b4DCD3383B13f8664239E,None,-
"Dec 20, 2023",0xcD42b4c4D102cc22864e3A1341Bb0529c17fD87d,-285 USDC,0xAbCD13bD9db9f98fF49d85EA78b0a193211B7e06,None,-
"Dec 20, 2023",0xcD42b4c4D102cc22864e3A1341Bb0529c17fD87d,-95 USDC,0xf66c00759467c6524B0C86af132bb52786b37382,None,-
"Dec 20, 2023",0xcD42b4c4D102cc22864e3A1341Bb0529c17fD87d,-95 USDC,0x03d9aACbb6787CF7332078df0Fc880Fa9c179e54,None,-
"Dec 20, 2023",0xcD42b4c4D102cc22864e3A1341Bb0529c17fD87d,-95 USDC,0x5853bCAC824fc455C1e448706419633EFc452bC8,None,-
"Dec 20, 2023",0xcD42b4c4D102cc22864e3A1341Bb0529c17fD87d,"-2,000 USDC",0x905296ED6411D92165349b468ca838D83fE96AE4,None,-
"Dec 18, 2023",0xcD42b4c4D102cc22864e3A1341Bb0529c17fD87d,"-23,000 USDC",0x6e8873085530406995170Da467010565968C7C62,None,-
"Dec 18, 2023",0xcD42b4c4D102cc22864e3A1341Bb0529c17fD87d,"-20,000 USDC",0x2921054C11f0307Ff402885C7186d9820E4d95D5,None,-
"Dec 18, 2023",0xcD42b4c4D102cc22864e3A1341Bb0529c17fD87d,"-20,000 USDC",0xe126b3E5d052f1F575828f61fEBA4f4f2603652a,None,-
"Dec 18, 2023",0xcD42b4c4D102cc22864e3A1341Bb0529c17fD87d,"-12,500 USDC",0x53390590476dC98860316e4B46Bb9842AF55efc4,None,-
"Dec 18, 2023",0xcD42b4c4D102cc22864e3A1341Bb0529c17fD87d,"-20,000 USDC",0x9531C059098e3d194fF87FebB587aB07B30B1306,None,-
"Dec 18, 2023",0xcD42b4c4D102cc22864e3A1341Bb0529c17fD87d,"-17,500 USDC",0x55aEd0ce035883626e536254dda2F23a5b5D977f,None,-
"Dec 12, 2023",0xcD42b4c4D102cc22864e3A1341Bb0529c17fD87d,-3.0 ETH,0x53390590476dC98860316e4B46Bb9842AF55efc4,None,-
"Dec 12, 2023",0xcD42b4c4D102cc22864e3A1341Bb0529c17fD87d,-0.3 ETH,0x2Fe95bA46D36e6Bbc8d3bbC6BF3F18c85C91f3aF,None,-
"Dec 12, 2023",0xcD42b4c4D102cc22864e3A1341Bb0529c17fD87d,-5.0 ETH,0x4D9339dd97db55e3B9bCBE65dE39fF9c04d1C2cd,None,-
"Dec 12, 2023",0xcD42b4c4D102cc22864e3A1341Bb0529c17fD87d,-2.0 ETH,0x9531C059098e3d194fF87FebB587aB07B30B1306,None,-
"Dec 12, 2023",0xcD42b4c4D102cc22864e3A1341Bb0529c17fD87d,-2.0 ETH,0x8734Dc0ac11C9C059ab55233d34A230a5B9C6bE4,None,-
"Dec 12, 2023",0xcD42b4c4D102cc22864e3A1341Bb0529c17fD87d,-0.3 ETH,0xd1B8dB70Ded72dB850713b2ce7e1A4FfAfAD95d1,None,-
"Dec 12, 2023",0xcD42b4c4D102cc22864e3A1341Bb0529c17fD87d,-0.3 ETH,0x8110d1D04ac316fdCACe8f24fD60C86b810AB15A,None,-
"Dec 12, 2023",0xcD42b4c4D102cc22864e3A1341Bb0529c17fD87d,-0.3 ETH,0x11Ee133A1408FE2d7c62296D7eB33F234b774503,None,-
"Dec 12, 2023",0xcD42b4c4D102cc22864e3A1341Bb0529c17fD87d,-0.3 ETH,0xdf43d4C93c600EA8dd7ba469E5A05AB57E9867c9,None,-
"Dec 12, 2023",0xcD42b4c4D102cc22864e3A1341Bb0529c17fD87d,-0.3 ETH,0xfFbD35255008F86322051F2313D4b343540e0e00,None,-
"Dec 12, 2023",0xcD42b4c4D102cc22864e3A1341Bb0529c17fD87d,-0.3 ETH,0xEB40A065854bd90126A4E697aeA0976BA51b2eE7,None,-
"Dec 12, 2023",0xcD42b4c4D102cc22864e3A1341Bb0529c17fD87d,-0.3 ETH,0xeCd54dB84c80f451b8dbC91ac31f6b7b900b61C0,None,-
"Dec 11, 2023",0x2686A8919Df194aA7673244549E68D42C1685d03,-0.7 ETH,0x6ea869B6870dd98552B0C7e47dA90702a436358b,None,-
"Dec 11, 2023",0x2686A8919Df194aA7673244549E68D42C1685d03,-0.7 ETH,0x4dC96AAd2Daa3f84066F3A00EC41Fd1e88c8865A,None,-
"Dec 11, 2023",0x2686A8919Df194aA7673244549E68D42C1685d03,-5.0 ETH,0x2AC6A3561a43f06d62602eF9728C2B9eEc393326,None,-
"Dec 11, 2023",0x2686A8919Df194aA7673244549E68D42C1685d03,-2.0 ETH,0x8b1f85a93Ac6E4F62695Ea8EF2410d248605FEff,None,-
"Dec 11, 2023",0x2686A8919Df194aA7673244549E68D42C1685d03,-0.7 ETH,0xBe86AD13Bc8906B5fa41B6b60E949DF8D23ddE11,None,-
"Dec 11, 2023",0x2686A8919Df194aA7673244549E68D42C1685d03,-0.7 ETH,0xa74fc66E75f883Ee8e60E287335436ca8E6a303C,None,-
"Dec 11, 2023",0x2686A8919Df194aA7673244549E68D42C1685d03,-2.0 ETH,0x035eBd096AFa6b98372494C7f08f3402324117D3,None,-
"Dec 11, 2023",0x2686A8919Df194aA7673244549E68D42C1685d03,-3.0 ETH,0x47C10B0491A138Ddae6cCfa26F17ADCfCA299753,None,-
"Dec 11, 2023",0x2686A8919Df194aA7673244549E68D42C1685d03,-0.7 ETH,0xeeD28010b97Ec007DCE8DA01970Dd60DAB771bd8,None,-
"Dec 11, 2023",0x2686A8919Df194aA7673244549E68D42C1685d03,-2.0 ETH,0x51050ec063d393217B436747617aD1C2285Aeeee,None,-
"Dec 11, 2023",0x2686A8919Df194aA7673244549E68D42C1685d03,"-10,000 USDC",0x2AC6A3561a43f06d62602eF9728C2B9eEc393326,None,-
"Dec 11, 2023",0x2686A8919Df194aA7673244549E68D42C1685d03,"-10,000 USDC",0xAC50cE326de14dDF9b7e9611Cd2F33a1Af8aC039,None,-
"Dec 11, 2023",0x2686A8919Df194aA7673244549E68D42C1685d03,"-10,000 USDC",0x1208a26FAa0F4AC65B42098419EB4dAA5e580AC6,None,-
"Dec 11, 2023",0x2686A8919Df194aA7673244549E68D42C1685d03,"-10,000 USDC",0x546B9AC9a6C0A7E50Caa189F021b1ccC676e1D7E,None,-
"Dec 11, 2023",0x2686A8919Df194aA7673244549E68D42C1685d03,"-10,000 USDC",0x090295882A6C69a79D9B293124fDd7dC9e181013,None,-
"Dec 6, 2023",0xcD42b4c4D102cc22864e3A1341Bb0529c17fD87d,"-10,000 USDC",0x32d80976213c5bEa149D2D4560a46417e90Bc87D,None,-
"Dec 6, 2023",0xcD42b4c4D102cc22864e3A1341Bb0529c17fD87d,"-10,000 USDC",0x1883C7aB3A287733024694E824aE8d8E644b2d78,None,-
"Dec 6, 2023",0x536013c57DAF01D78e8a70cAd1B1abAda9411819,"-6,646 USDC",0x8dA48e5846c06B558970ACd42EDc7Da8799481E4,None,-
"Nov 30, 2023",0x536013c57DAF01D78e8a70cAd1B1abAda9411819,"-2,000 USDC",0xc28de09AD1a20737B92834943558DdfcC88d020D,None,-
"Nov 30, 2023",0x91c32893216dE3eA0a55ABb9851f581d4503d39b,"-4,000 USDC",0xA7860E99e3ce0752D1ac53b974E309fFf80277C6,None,-
"Nov 30, 2023",0x13aEe52C1C688d3554a15556c5353cb0c3696ea2,"-1,500 USDC",0x60dbF50076206F60bCc2Edf9295f5734561B8d77,None,-
"Nov 30, 2023",0x91c32893216dE3eA0a55ABb9851f581d4503d39b,"-5,500 USDC",0xA7860E99e3ce0752D1ac53b974E309fFf80277C6,None,-
"Nov 23, 2023",0x536013c57DAF01D78e8a70cAd1B1abAda9411819,-1.2 ETH,0x205e6604439B0Aa0a6Ecf5994E1BF664713eba94,None,-
"Nov 22, 2023",0x536013c57DAF01D78e8a70cAd1B1abAda9411819,"-4,000 USDC",0x18968e746d8516BD8020262f149c0b814f8A2ab1,None,-
"Nov 20, 2023",0xcD42b4c4D102cc22864e3A1341Bb0529c17fD87d,"+218,204 USDC",0xFe89cc7aBB2C4183683ab71653C4cdc9B02D44b7,None,-
"Nov 20, 2023",0x2686A8919Df194aA7673244549E68D42C1685d03,"+409,000 USDC",0xFe89cc7aBB2C4183683ab71653C4cdc9B02D44b7,None,-
"Nov 20, 2023",0xcD42b4c4D102cc22864e3A1341Bb0529c17fD87d,+35.0 ETH,0xFe89cc7aBB2C4183683ab71653C4cdc9B02D44b7,None,-
"Nov 16, 2023",0xcD42b4c4D102cc22864e3A1341Bb0529c17fD87d,"-10,000 USDC",0x32d80976213c5bEa149D2D4560a46417e90Bc87D,None,-
"Nov 16, 2023",0xcD42b4c4D102cc22864e3A1341Bb0529c17fD87d,"-10,000 USDC",0x1883C7aB3A287733024694E824aE8d8E644b2d78,None,-
"Nov 14, 2023",0xcD42b4c4D102cc22864e3A1341Bb0529c17fD87d,-5.0 ETH,0x4D9339dd97db55e3B9bCBE65dE39fF9c04d1C2cd,None,-
"Nov 14, 2023",0xcD42b4c4D102cc22864e3A1341Bb0529c17fD87d,-0.3 ETH,0xB53b0255895c4F9E3a185E484e5B674bCCfbc076,None,-
"Nov 14, 2023",0xcD42b4c4D102cc22864e3A1341Bb0529c17fD87d,-0.3 ETH,0xd1B8dB70Ded72dB850713b2ce7e1A4FfAfAD95d1,None,-
"Nov 14, 2023",0xcD42b4c4D102cc22864e3A1341Bb0529c17fD87d,-0.3 ETH,0x6a08ed0C51A3114D6a5347f1D0D33b1932dC93A7,None,-
"Nov 14, 2023",0xcD42b4c4D102cc22864e3A1341Bb0529c17fD87d,-2.0 ETH,0x11Ee133A1408FE2d7c62296D7eB33F234b774503,None,-
"Nov 14, 2023",0xcD42b4c4D102cc22864e3A1341Bb0529c17fD87d,-0.3 ETH,0x55aEd0ce035883626e536254dda2F23a5b5D977f,None,-
"Nov 14, 2023",0xcD42b4c4D102cc22864e3A1341Bb0529c17fD87d,-0.3 ETH,0x9531C059098e3d194fF87FebB587aB07B30B1306,None,-
"Nov 14, 2023",0xcD42b4c4D102cc22864e3A1341Bb0529c17fD87d,-3.0 ETH,0xEB40A065854bd90126A4E697aeA0976BA51b2eE7,None,-
"Nov 14, 2023",0xcD42b4c4D102cc22864e3A1341Bb0529c17fD87d,-0.3 ETH,0x2Fe95bA46D36e6Bbc8d3bbC6BF3F18c85C91f3aF,None,-
"Nov 14, 2023",0xcD42b4c4D102cc22864e3A1341Bb0529c17fD87d,-0.3 ETH,0x2Fe95bA46D36e6Bbc8d3bbC6BF3F18c85C91f3aF,None,-
"Nov 10, 2023",0x2686A8919Df194aA7673244549E68D42C1685d03,-2.0 ETH,0x035eBd096AFa6b98372494C7f08f3402324117D3,None,-
"Nov 10, 2023",0x2686A8919Df194aA7673244549E68D42C1685d03,-0.7 ETH,0x1208a26FAa0F4AC65B42098419EB4dAA5e580AC6,None,-
"Nov 10, 2023",0x2686A8919Df194aA7673244549E68D42C1685d03,-0.7 ETH,0x59AD62Fe873409969AC636Ec38eDD000411b0847,None,-
"Nov 10, 2023",0x2686A8919Df194aA7673244549E68D42C1685d03,-0.7 ETH,0x102EF2536eF4cb29231fBAdBb89c29f0db936231,None,-
"Nov 10, 2023",0x2686A8919Df194aA7673244549E68D42C1685d03,-5.0 ETH,0x6ea869B6870dd98552B0C7e47dA90702a436358b,None,-
"Nov 10, 2023",0x2686A8919Df194aA7673244549E68D42C1685d03,-0.7 ETH,0x459EFD5F53b4Bb04b278925754Fd427783831bc5,None,-
"Nov 10, 2023",0x2686A8919Df194aA7673244549E68D42C1685d03,-0.7 ETH,0x8b1f85a93Ac6E4F62695Ea8EF2410d248605FEff,None,-
"Nov 10, 2023",0x2686A8919Df194aA7673244549E68D42C1685d03,-3.0 ETH,0x2AC6A3561a43f06d62602eF9728C2B9eEc393326,None,-
"Nov 10, 2023",0x2686A8919Df194aA7673244549E68D42C1685d03,-0.7 ETH,0x4dC96AAd2Daa3f84066F3A00EC41Fd1e88c8865A,None,-
"Nov 10, 2023",0x2686A8919Df194aA7673244549E68D42C1685d03,-0.7 ETH,0xa74fc66E75f883Ee8e60E287335436ca8E6a303C,None,-
"Nov 9, 2023",0xcD42b4c4D102cc22864e3A1341Bb0529c17fD87d,"-5,000 USDC",0xBEC643BD5b7F5e9190617CA4187ef0455950C51C,None,-
"Oct 31, 2023",0x91c32893216dE3eA0a55ABb9851f581d4503d39b,"-3,000 USDC",0xA7860E99e3ce0752D1ac53b974E309fFf80277C6,None,-
"Oct 31, 2023",0x91c32893216dE3eA0a55ABb9851f581d4503d39b,"-5,500 USDC",0xA7860E99e3ce0752D1ac53b974E309fFf80277C6,None,-
"Oct 31, 2023",0x13aEe52C1C688d3554a15556c5353cb0c3696ea2,"-1,500 USDC",0x60dbF50076206F60bCc2Edf9295f5734561B8d77,None,-
"Oct 30, 2023",0xcD42b4c4D102cc22864e3A1341Bb0529c17fD87d,"-20,000 USDC",0x44F00C29a0b8514D017ac20fBDb0AA5078b860cE,None,-
"Oct 26, 2023",0x2686A8919Df194aA7673244549E68D42C1685d03,"-10,000 USDC",0x905296ED6411D92165349b468ca838D83fE96AE4,None,-
"Oct 26, 2023",0x2686A8919Df194aA7673244549E68D42C1685d03,"-10,000 USDC",0xC9C022FCFebE730710aE93CA9247c5Ec9d9236d0,None,-
"Oct 23, 2023",0xcD42b4c4D102cc22864e3A1341Bb0529c17fD87d,+561 SAFE,0xC0fde70A65C7569Fe919bE57492228DEE8cDb585,None,-
"Oct 23, 2023",0xcD42b4c4D102cc22864e3A1341Bb0529c17fD87d,+259 SAFE,0xA0b937D5c8E32a80E3a8ed4227CD020221544ee6,None,-
"Oct 20, 2023",0x2686A8919Df194aA7673244549E68D42C1685d03,"-59,900 USDC",0x1BA8603DA702602A8657980e825A6DAa03Dee93a,None,-
"Oct 19, 2023",0x2686A8919Df194aA7673244549E68D42C1685d03,+773 SAFE,0xC0fde70A65C7569Fe919bE57492228DEE8cDb585,None,-
"Oct 19, 2023",0x2686A8919Df194aA7673244549E68D42C1685d03,+364 SAFE,0xA0b937D5c8E32a80E3a8ed4227CD020221544ee6,None,-
"Oct 17, 2023",0x2686A8919Df194aA7673244549E68D42C1685d03,-99 USDC,0x1BA8603DA702602A8657980e825A6DAa03Dee93a,None,-
"Oct 15, 2023",0x2686A8919Df194aA7673244549E68D42C1685d03,-1 USDC,0x1BA8603DA702602A8657980e825A6DAa03Dee93a,None,-
"Oct 10, 2023",0xcD42b4c4D102cc22864e3A1341Bb0529c17fD87d,"-2,500 USDC",0x8289432ACD5EB0214B1C2526A5EDB480Aa06A9ab,None,-
"Sep 30, 2023",0x91c32893216dE3eA0a55ABb9851f581d4503d39b,"-3,000 USDC",0xA7860E99e3ce0752D1ac53b974E309fFf80277C6,None,-
"Sep 30, 2023",0x13aEe52C1C688d3554a15556c5353cb0c3696ea2,"-1,500 USDC",0x60dbF50076206F60bCc2Edf9295f5734561B8d77,None,-
"Sep 30, 2023",0x91c32893216dE3eA0a55ABb9851f581d4503d39b,"-5,500 USDC",0xA7860E99e3ce0752D1ac53b974E309fFf80277C6,None,-
"Sep 29, 2023",0x9B9c249Be04dd433c7e8FbBF5E61E6741b89966D,"-17,500 USDC",0xCA74281b35b5a12484891edAC0Ef03D19c2DC118,None,-
"Sep 28, 2023",0x536013c57DAF01D78e8a70cAd1B1abAda9411819,"-3,982 USDC",0x367A0A9787D730436A3351Fa2D3FFEbf7b86E682,None,-
"Sep 25, 2023",0x536013c57DAF01D78e8a70cAd1B1abAda9411819,"-3,235 USDC",0x367A0A9787D730436A3351Fa2D3FFEbf7b86E682,None,-
"Sep 18, 2023",0x9B9c249Be04dd433c7e8FbBF5E61E6741b89966D,"-5,425 USDC",0x9aBECd89ee41ac14C2BDf7278D8A1b9dcEB2C098,None,-
"Sep 17, 2023",0x536013c57DAF01D78e8a70cAd1B1abAda9411819,-350 USDC,0xCbf0Ff50786DD6179b5106e8289d86C8128141d1,None,-
"Aug 31, 2023",0x91c32893216dE3eA0a55ABb9851f581d4503d39b,"-3,000 USDC",0xA7860E99e3ce0752D1ac53b974E309fFf80277C6,None,-
"Aug 31, 2023",0x13aEe52C1C688d3554a15556c5353cb0c3696ea2,"-1,500 USDC",0x60dbF50076206F60bCc2Edf9295f5734561B8d77,None,-
"Aug 31, 2023",0x91c32893216dE3eA0a55ABb9851f581d4503d39b,"-5,500 USDC",0xA7860E99e3ce0752D1ac53b974E309fFf80277C6,None,-
"Aug 29, 2023",0x536013c57DAF01D78e8a70cAd1B1abAda9411819,-500 USDC,0xCbf0Ff50786DD6179b5106e8289d86C8128141d1,None,-
"Aug 29, 2023",0x536013c57DAF01D78e8a70cAd1B1abAda9411819,"-3,857 USDC",0x367A0A9787D730436A3351Fa2D3FFEbf7b86E682,None,-
"Jul 31, 2023",0x13aEe52C1C688d3554a15556c5353cb0c3696ea2,"-1,500 USDC",0x60dbF50076206F60bCc2Edf9295f5734561B8d77,None,-
"Jul 31, 2023",0x91c32893216dE3eA0a55ABb9851f581d4503d39b,"-3,000 USDC",0xA7860E99e3ce0752D1ac53b974E309fFf80277C6,None,-
"Jul 31, 2023",0x91c32893216dE3eA0a55ABb9851f581d4503d39b,"-5,500 USDC",0xA7860E99e3ce0752D1ac53b974E309fFf80277C6,None,-
"Jul 26, 2023",0x2686A8919Df194aA7673244549E68D42C1685d03,"-18,000 USDC",0x13aEe52C1C688d3554a15556c5353cb0c3696ea2,None,-
"Jul 26, 2023",0x13aEe52C1C688d3554a15556c5353cb0c3696ea2,"+18,000 USDC",0x2686A8919Df194aA7673244549E68D42C1685d03,None,-
"Jul 26, 2023",0x536013c57DAF01D78e8a70cAd1B1abAda9411819,"-5,527 USDC",0x367A0A9787D730436A3351Fa2D3FFEbf7b86E682,None,-
"Jul 26, 2023",0x536013c57DAF01D78e8a70cAd1B1abAda9411819,"-4,000 USDC",0x18968e746d8516BD8020262f149c0b814f8A2ab1,None,-
"Jul 26, 2023",0x536013c57DAF01D78e8a70cAd1B1abAda9411819,"-4,000 USDC",0x367A0A9787D730436A3351Fa2D3FFEbf7b86E682,None,-
"Jul 26, 2023",0x536013c57DAF01D78e8a70cAd1B1abAda9411819,"-2,000 USDC",0xc28de09AD1a20737B92834943558DdfcC88d020D,None,-
"Jul 26, 2023",0x536013c57DAF01D78e8a70cAd1B1abAda9411819,"-4,000 USDC",0x534631Bcf33BDb069fB20A93d2fdb9e4D4dD42CF,None,-
"Jul 25, 2023",0xcD42b4c4D102cc22864e3A1341Bb0529c17fD87d,"+102,408 USDC",0x88e6A0c2dDD26FEEb64F039a2c41296FcB3f5640,None,-
"Jul 25, 2023",0xcD42b4c4D102cc22864e3A1341Bb0529c17fD87d,-55.0 ETH,0x3fC91A3afd70395Cd496C647d5a6CC9D4B2b7FAD,None,-
"Jul 25, 2023",0x536013c57DAF01D78e8a70cAd1B1abAda9411819,-350 USDC,0xCbf0Ff50786DD6179b5106e8289d86C8128141d1,None,-
"Jul 13, 2023",0xcD42b4c4D102cc22864e3A1341Bb0529c17fD87d,-5.0 ETH,0x62101902aA08D00B1D3d2e66CD77e2A4F4D18c51,None,-
"Jul 13, 2023",0xcD42b4c4D102cc22864e3A1341Bb0529c17fD87d,-5.0 ETH,0xBEC643BD5b7F5e9190617CA4187ef0455950C51C,None,-
"Jul 13, 2023",0xcD42b4c4D102cc22864e3A1341Bb0529c17fD87d,-5.0 ETH,0xb6A56aEd2493f5b2e26afF477D473f0702783525,None,-
"Jul 10, 2023",0xcD42b4c4D102cc22864e3A1341Bb0529c17fD87d,"-50,000 USDC",0x4557B18E779944BFE9d78A672452331C186a9f48,None,-
"Jul 10, 2023",0xcD42b4c4D102cc22864e3A1341Bb0529c17fD87d,"-50,000 USDC",0xE5Cff796A1DFFC3018E3f3180F8BddBd7a83Cf60,None,-
"Jul 10, 2023",0xcD42b4c4D102cc22864e3A1341Bb0529c17fD87d,"-50,000 USDC",0xE573f359f175Fcd518769999312E10462109AEa5,None,-
"Jul 10, 2023",0xcD42b4c4D102cc22864e3A1341Bb0529c17fD87d,"-50,000 USDC",0xA26d6AEB775a9528c012B748ACe66E3B0FD574cE,None,-
"Jun 30, 2023",0x9B9c249Be04dd433c7e8FbBF5E61E6741b89966D,-545 USDC,0x0dCada330CC3B4FDD43E36Cd2E1Be1f72a7AA8B0,None,-
"Jun 29, 2023",0x91c32893216dE3eA0a55ABb9851f581d4503d39b,"-1,600 USDC",0xA7860E99e3ce0752D1ac53b974E309fFf80277C6,None,-
"Jun 29, 2023",0x91c32893216dE3eA0a55ABb9851f581d4503d39b,"-6,667 USDC",0xA7860E99e3ce0752D1ac53b974E309fFf80277C6,None,-
"Jun 16, 2023",0xcD42b4c4D102cc22864e3A1341Bb0529c17fD87d,-1.0 ETH,0x8110d1D04ac316fdCACe8f24fD60C86b810AB15A,None,-
"Jun 16, 2023",0xcD42b4c4D102cc22864e3A1341Bb0529c17fD87d,-1.0 ETH,0x6a08ed0C51A3114D6a5347f1D0D33b1932dC93A7,None,-
"Jun 16, 2023",0xcD42b4c4D102cc22864e3A1341Bb0529c17fD87d,-1.0 ETH,0x9531C059098e3d194fF87FebB587aB07B30B1306,None,-
"Jun 16, 2023",0xcD42b4c4D102cc22864e3A1341Bb0529c17fD87d,-1.0 ETH,0x0B7246eF74Ca7b37Fdc3D15be4f0b49876622F95,None,-
"Jun 16, 2023",0xcD42b4c4D102cc22864e3A1341Bb0529c17fD87d,-1.0 ETH,0x3a85CD196D72872d89DdE1ea1CCcD7ceEB30802c,None,-
"Jun 16, 2023",0xcD42b4c4D102cc22864e3A1341Bb0529c17fD87d,-1.0 ETH,0x4D9339dd97db55e3B9bCBE65dE39fF9c04d1C2cd,None,-
"Jun 16, 2023",0xcD42b4c4D102cc22864e3A1341Bb0529c17fD87d,-2.0 ETH,0x2Fe95bA46D36e6Bbc8d3bbC6BF3F18c85C91f3aF,None,-
"Jun 16, 2023",0xcD42b4c4D102cc22864e3A1341Bb0529c17fD87d,-1.0 ETH,0xc8D65E1Bd67f16522e3117B980E1c9D2CaeB9dC3,None,-
"Jun 16, 2023",0xcD42b4c4D102cc22864e3A1341Bb0529c17fD87d,-1.0 ETH,0x371cA2c8f1D02864C7306e5E5Ed5DC6edF2DD19c,None,-
"Jun 9, 2023",0x536013c57DAF01D78e8a70cAd1B1abAda9411819,"-6,417 USDC",0x367A0A9787D730436A3351Fa2D3FFEbf7b86E682,None,-
"Jun 5, 2023",0xcD42b4c4D102cc22864e3A1341Bb0529c17fD87d,"-1,614 USDC",0x50927852076a6c93177E25e906d706981Af9e27A,None,-
"Jun 5, 2023",0x9B9c249Be04dd433c7e8FbBF5E61E6741b89966D,"-5,000 USDC",0x652E6bd691c6b07A2efb22AD04924664F07c9B9D,None,-
"Jun 4, 2023",0x9B9c249Be04dd433c7e8FbBF5E61E6741b89966D,"-13,189 USDC",0x536013c57DAF01D78e8a70cAd1B1abAda9411819,None,-
"Jun 4, 2023",0x536013c57DAF01D78e8a70cAd1B1abAda9411819,"+13,189 USDC",0x9B9c249Be04dd433c7e8FbBF5E61E6741b89966D,None,-
"May 29, 2023",0x91c32893216dE3eA0a55ABb9851f581d4503d39b,"-1,600 USDC",0xA7860E99e3ce0752D1ac53b974E309fFf80277C6,None,-
"May 26, 2023",0xcD42b4c4D102cc22864e3A1341Bb0529c17fD87d,"-10,000 USDC",0x0035cC37599241D007D0AbA1Fb931C5FA757f7A1,None,-
"May 26, 2023",0xcD42b4c4D102cc22864e3A1341Bb0529c17fD87d,"-10,000 USDC",0x53390590476dC98860316e4B46Bb9842AF55efc4,None,-
"May 26, 2023",0xcD42b4c4D102cc22864e3A1341Bb0529c17fD87d,"-10,000 USDC",0x44F00C29a0b8514D017ac20fBDb0AA5078b860cE,None,-
"May 26, 2023",0xcD42b4c4D102cc22864e3A1341Bb0529c17fD87d,"-10,000 USDC",0xe126b3E5d052f1F575828f61fEBA4f4f2603652a,None,-
"May 26, 2023",0xcD42b4c4D102cc22864e3A1341Bb0529c17fD87d,"-10,000 USDC",0x3cceD573C55fCE8130aA09586f705feC8CEFEB61,None,-
"May 25, 2023",0x9B9c249Be04dd433c7e8FbBF5E61E6741b89966D,"-12,594 USDC",0xf2888F8e29648a3AaBF21bf4c2E6E6855707210E,None,-
"May 19, 2023",0x536013c57DAF01D78e8a70cAd1B1abAda9411819,"-13,189 USDC",0xD2ce908e9F008F65220F996e67441229292a19B1,None,-
"May 2, 2023",0x91c32893216dE3eA0a55ABb9851f581d4503d39b,"-1,600 USDC",0xA7860E99e3ce0752D1ac53b974E309fFf80277C6,None,-
"Apr 24, 2023",0xcD42b4c4D102cc22864e3A1341Bb0529c17fD87d,-1.0 ETH,0x44F00C29a0b8514D017ac20fBDb0AA5078b860cE,None,-
"Apr 24, 2023",0xcD42b4c4D102cc22864e3A1341Bb0529c17fD87d,-1.0 ETH,0x3cceD573C55fCE8130aA09586f705feC8CEFEB61,None,-
"Apr 24, 2023",0xcD42b4c4D102cc22864e3A1341Bb0529c17fD87d,-1.0 ETH,0x0035cC37599241D007D0AbA1Fb931C5FA757f7A1,None,-
"Apr 24, 2023",0xcD42b4c4D102cc22864e3A1341Bb0529c17fD87d,-1.0 ETH,0x4D9339dd97db55e3B9bCBE65dE39fF9c04d1C2cd,None,-
"Apr 24, 2023",0xcD42b4c4D102cc22864e3A1341Bb0529c17fD87d,-1.0 ETH,0x53390590476dC98860316e4B46Bb9842AF55efc4,None,-
"Apr 24, 2023",0x536013c57DAF01D78e8a70cAd1B1abAda9411819,-76 USDC,0xd2cc2e47c2Aecd01C87B83290c0Ee76BA67a7211,None,-
"Apr 24, 2023",0x536013c57DAF01D78e8a70cAd1B1abAda9411819,-612 USDC,0xd2cc2e47c2Aecd01C87B83290c0Ee76BA67a7211,None,-
"Apr 24, 2023",0x536013c57DAF01D78e8a70cAd1B1abAda9411819,"-3,138 USDC",0xA7860E99e3ce0752D1ac53b974E309fFf80277C6,None,-
"Apr 5, 2023",0x536013c57DAF01D78e8a70cAd1B1abAda9411819,-300 USDC,0xfAC50FD9eb90c1a7c0bC7b739EB90F1bda06E9D0,None,-
"Mar 31, 2023",0x91c32893216dE3eA0a55ABb9851f581d4503d39b,"-1,600 USDC",0xA7860E99e3ce0752D1ac53b974E309fFf80277C6,None,-
"Mar 31, 2023",0xcD42b4c4D102cc22864e3A1341Bb0529c17fD87d,"-50,000 USDC",0xde21F729137C5Af1b01d73aF1dC21eFfa2B8a0d6,None,-
"Mar 30, 2023",0xcD42b4c4D102cc22864e3A1341Bb0529c17fD87d,-1.0 ETH,0x96a77560146501eAEB5e6D5B7d8DD1eD23DEfa23,None,-
"Mar 13, 2023",0x536013c57DAF01D78e8a70cAd1B1abAda9411819,"-2,000 USDC",0x7024E5e2241eE7C6d09048547A410a3c4294b884,None,-
"Mar 13, 2023",0x536013c57DAF01D78e8a70cAd1B1abAda9411819,"-2,000 USDC",0x534631Bcf33BDb069fB20A93d2fdb9e4D4dD42CF,None,-
"Mar 13, 2023",0x536013c57DAF01D78e8a70cAd1B1abAda9411819,"-2,000 USDC",0xd2cc2e47c2Aecd01C87B83290c0Ee76BA67a7211,None,-
"Mar 13, 2023",0x536013c57DAF01D78e8a70cAd1B1abAda9411819,"-2,000 USDC",0x367A0A9787D730436A3351Fa2D3FFEbf7b86E682,None,-
"Mar 13, 2023",0x536013c57DAF01D78e8a70cAd1B1abAda9411819,"-7,673 USDC",0x367A0A9787D730436A3351Fa2D3FFEbf7b86E682,None,-
"Mar 2, 2023",0x536013c57DAF01D78e8a70cAd1B1abAda9411819,"-1,569 USDC",0xA7860E99e3ce0752D1ac53b974E309fFf80277C6,None,-
"Mar 2, 2023",0x536013c57DAF01D78e8a70cAd1B1abAda9411819,-550 USDC,0xCbf0Ff50786DD6179b5106e8289d86C8128141d1,None,-
"Mar 2, 2023",0x536013c57DAF01D78e8a70cAd1B1abAda9411819,-1 USDC,0x536013c57DAF01D78e8a70cAd1B1abAda9411819,None,-
"Mar 2, 2023",0x536013c57DAF01D78e8a70cAd1B1abAda9411819,+1 USDC,0x536013c57DAF01D78e8a70cAd1B1abAda9411819,None,-
"Feb 25, 2023",0x91c32893216dE3eA0a55ABb9851f581d4503d39b,"-1,600 USDC",0xA7860E99e3ce0752D1ac53b974E309fFf80277C6,None,-
"Feb 18, 2023",0x2686A8919Df194aA7673244549E68D42C1685d03,-10.0 ETH,0x536013c57DAF01D78e8a70cAd1B1abAda9411819,None,-
"Feb 18, 2023",0x536013c57DAF01D78e8a70cAd1B1abAda9411819,+10.0 ETH,0x2686A8919Df194aA7673244549E68D42C1685d03,None,-
"Feb 18, 2023",0x2686A8919Df194aA7673244549E68D42C1685d03,"-54,999 USDC",0x536013c57DAF01D78e8a70cAd1B1abAda9411819,None,-
"Feb 18, 2023",0x536013c57DAF01D78e8a70cAd1B1abAda9411819,"+54,999 USDC",0x2686A8919Df194aA7673244549E68D42C1685d03,None,-
"Feb 18, 2023",0x2686A8919Df194aA7673244549E68D42C1685d03,-10.0 ETH,0x9B9c249Be04dd433c7e8FbBF5E61E6741b89966D,None,-
"Feb 18, 2023",0x9B9c249Be04dd433c7e8FbBF5E61E6741b89966D,+10.0 ETH,0x2686A8919Df194aA7673244549E68D42C1685d03,None,-
"Feb 18, 2023",0x2686A8919Df194aA7673244549E68D42C1685d03,"-119,250 USDC",0x9B9c249Be04dd433c7e8FbBF5E61E6741b89966D,None,-
"Feb 18, 2023",0x9B9c249Be04dd433c7e8FbBF5E61E6741b89966D,"+119,250 USDC",0x2686A8919Df194aA7673244549E68D42C1685d03,None,-
"Feb 16, 2023",0x9B9c249Be04dd433c7e8FbBF5E61E6741b89966D,"-1,500 ENS",0x2686A8919Df194aA7673244549E68D42C1685d03,None,-
"Feb 16, 2023",0x2686A8919Df194aA7673244549E68D42C1685d03,"+1,500 ENS",0x9B9c249Be04dd433c7e8FbBF5E61E6741b89966D,None,-
"Feb 13, 2023",0x91c32893216dE3eA0a55ABb9851f581d4503d39b,"-1,600 USDC",0xA7860E99e3ce0752D1ac53b974E309fFf80277C6,None,-
"Feb 5, 2023",0x536013c57DAF01D78e8a70cAd1B1abAda9411819,"-3,499 USDC",0xA7860E99e3ce0752D1ac53b974E309fFf80277C6,None,-
"Feb 1, 2023",0x9B9c249Be04dd433c7e8FbBF5E61E6741b89966D,"-90,000 USDC",0x652E6bd691c6b07A2efb22AD04924664F07c9B9D,None,-
"Jan 27, 2023",0x2686A8919Df194aA7673244549E68D42C1685d03,"-90,000 USDC",0x9B9c249Be04dd433c7e8FbBF5E61E6741b89966D,None,-
"Jan 27, 2023",0x9B9c249Be04dd433c7e8FbBF5E61E6741b89966D,"+90,000 USDC",0x2686A8919Df194aA7673244549E68D42C1685d03,None,-
"Jan 27, 2023",0x9B9c249Be04dd433c7e8FbBF5E61E6741b89966D,-114 USDC,0xf4733253C597A1B709b07b871aA86d951788e40B,None,-
"Jan 27, 2023",0x9B9c249Be04dd433c7e8FbBF5E61E6741b89966D,-114 USDC,0x16d7034610dB82FD30FFc9667F4B4f55e2b8541f,None,-
"Jan 27, 2023",0x9B9c249Be04dd433c7e8FbBF5E61E6741b89966D,-114 USDC,0xb40F296872595E1F8e9e18021888d154335210B6,None,-
"Jan 27, 2023",0x9B9c249Be04dd433c7e8FbBF5E61E6741b89966D,-500 USDC,0xf4733253C597A1B709b07b871aA86d951788e40B,None,-
"Jan 27, 2023",0x9B9c249Be04dd433c7e8FbBF5E61E6741b89966D,-114 USDC,0xADbB2bAe7F0CD584491C35089d8a819108A1276c,None,-
"Jan 27, 2023",0x9B9c249Be04dd433c7e8FbBF5E61E6741b89966D,-114 USDC,0x870fdBbdD60997f67e43682c62ED6C843Ed24164,None,-
"Jan 27, 2023",0x9B9c249Be04dd433c7e8FbBF5E61E6741b89966D,-114 USDC,0x268A3bea66dF2B520297c73013367d2a5Da55C6A,None,-
"Jan 27, 2023",0x9B9c249Be04dd433c7e8FbBF5E61E6741b89966D,-114 USDC,0x35228676f0C3c1Dc4018613502d77a8E99295fc9,None,-
"Jan 27, 2023",0x9B9c249Be04dd433c7e8FbBF5E61E6741b89966D,-114 USDC,0x10e3B9f18004aF478A1f186ECF89b0284212582B,None,-
"Jan 27, 2023",0x9B9c249Be04dd433c7e8FbBF5E61E6741b89966D,-114 USDC,0x1A3cDE21e27CA9a2670C2c647550D39a72d9637C,None,-
"Jan 27, 2023",0x9B9c249Be04dd433c7e8FbBF5E61E6741b89966D,-114 USDC,0xF9303c34D9d21D5075B2Ae14f9784932f64E2d11,None,-
"Jan 27, 2023",0x9B9c249Be04dd433c7e8FbBF5E61E6741b89966D,-114 USDC,0x78D262EE17922bfB29476E25df20eEC17e252902,None,-
"Jan 27, 2023",0x9B9c249Be04dd433c7e8FbBF5E61E6741b89966D,-114 USDC,0x569A560f5EA5F414192eB76bD733525EFA6b57aC,None,-
"Jan 27, 2023",0x9B9c249Be04dd433c7e8FbBF5E61E6741b89966D,-114 USDC,0x840B6C69B9e35D9257f9Aed2099aFDD3d2B83807,None,-
"Jan 27, 2023",0x9B9c249Be04dd433c7e8FbBF5E61E6741b89966D,-114 USDC,0x7b158840956385dE998fC306053dBEE0A007dB3b,None,-
"Jan 27, 2023",0x9B9c249Be04dd433c7e8FbBF5E61E6741b89966D,-114 USDC,0xd38deDFCdf47B068870a4B96FC6943f383744Ef9,None,-
"Jan 27, 2023",0x9B9c249Be04dd433c7e8FbBF5E61E6741b89966D,-114 USDC,0x4e86bFbB2abbece19715922f26C10686Ee74d507,None,-
"Jan 27, 2023",0x9B9c249Be04dd433c7e8FbBF5E61E6741b89966D,-114 USDC,0x9e0f0d83dD880240e3506A7Ac4CE82500b2bD92B,None,-
"Jan 27, 2023",0x9B9c249Be04dd433c7e8FbBF5E61E6741b89966D,-114 USDC,0x99C10550222dcaE7B953336e3299a3e1Ea8c9461,None,-
"Jan 27, 2023",0x9B9c249Be04dd433c7e8FbBF5E61E6741b89966D,-114 USDC,0x8F1d53D104141E670775C6Fd0812051A06Db650b,None,-
"Jan 27, 2023",0x9B9c249Be04dd433c7e8FbBF5E61E6741b89966D,-114 USDC,0xEcB45A23670FDE509FcCbF6153bD02B0961920C7,None,-
"Jan 27, 2023",0x9B9c249Be04dd433c7e8FbBF5E61E6741b89966D,-114 USDC,0x9bD37d54361E04Be16686552Ae3Dc38b9cFba73C,None,-
"Jan 27, 2023",0x9B9c249Be04dd433c7e8FbBF5E61E6741b89966D,-114 USDC,0x48294a067D1bC5a58BCbAB4b3bE329d078D9E1Af,None,-
"Jan 13, 2023",0x9B9c249Be04dd433c7e8FbBF5E61E6741b89966D,"-20,000 USDC",0xbD61Ef27f0793cC3A4A0AfbEb00b206FC5C89c2C,None,-
"Jan 13, 2023",0x2686A8919Df194aA7673244549E68D42C1685d03,"-20,000 USDC",0x9B9c249Be04dd433c7e8FbBF5E61E6741b89966D,None,-
"Jan 13, 2023",0x9B9c249Be04dd433c7e8FbBF5E61E6741b89966D,"+20,000 USDC",0x2686A8919Df194aA7673244549E68D42C1685d03,None,-
"Nov 17, 2022",0x9B9c249Be04dd433c7e8FbBF5E61E6741b89966D,"-90,000 USDC",0x652E6bd691c6b07A2efb22AD04924664F07c9B9D,None,-
"Nov 17, 2022",0x9B9c249Be04dd433c7e8FbBF5E61E6741b89966D,"-5,000 USDC",0x2197970480171fB1e47d8d76bd81b9903a01f7De,None,-
"Nov 17, 2022",0x9B9c249Be04dd433c7e8FbBF5E61E6741b89966D,"-3,000 USDC",0xD76Ab75795C001d0ad98d7F51F4460ea0b933834,None,-
"Nov 11, 2022",0x9B9c249Be04dd433c7e8FbBF5E61E6741b89966D,"-1,250 USDC",0xd2cc2e47c2Aecd01C87B83290c0Ee76BA67a7211,None,-
"Nov 2, 2022",0x536013c57DAF01D78e8a70cAd1B1abAda9411819,"-4,000 USDC",0xFBabED12357c3293a51917160d9C56A8942E9882,None,-
"Nov 1, 2022",0x9B9c249Be04dd433c7e8FbBF5E61E6741b89966D,"-10,000 USDC",0xbC9a9Ac7Dc36b1706732374bF632eF39FB6EfbC3,None,-
"Oct 25, 2022",0x536013c57DAF01D78e8a70cAd1B1abAda9411819,+473 SAFE,0xA0b937D5c8E32a80E3a8ed4227CD020221544ee6,None,-
"Oct 24, 2022",0x536013c57DAF01D78e8a70cAd1B1abAda9411819,"-8,372 USDC",0x82eB45562F991329ED2867F43fc60F0Ba52C3Dab,None,-
"Oct 21, 2022",0x536013c57DAF01D78e8a70cAd1B1abAda9411819,"-2,000 USDC",0xAd67b9be4258A2eD0D3F9D0958227A72F7657223,None,-
"Oct 21, 2022",0x536013c57DAF01D78e8a70cAd1B1abAda9411819,"-2,500 USDC",0xd2cc2e47c2Aecd01C87B83290c0Ee76BA67a7211,None,-
"Oct 21, 2022",0x536013c57DAF01D78e8a70cAd1B1abAda9411819,"-2,500 USDC",0x534631Bcf33BDb069fB20A93d2fdb9e4D4dD42CF,None,-
"Oct 16, 2022",0x536013c57DAF01D78e8a70cAd1B1abAda9411819,-240 USDC,0xfAC50FD9eb90c1a7c0bC7b739EB90F1bda06E9D0,None,-
"Oct 4, 2022",0x536013c57DAF01D78e8a70cAd1B1abAda9411819,-90 USDC,0x536013c57DAF01D78e8a70cAd1B1abAda9411819,None,-
"Oct 4, 2022",0x536013c57DAF01D78e8a70cAd1B1abAda9411819,+90 USDC,0x536013c57DAF01D78e8a70cAd1B1abAda9411819,None,-
"Oct 4, 2022",0x9B9c249Be04dd433c7e8FbBF5E61E6741b89966D,"-45,000 USDC",0x652E6bd691c6b07A2efb22AD04924664F07c9B9D,None,-
"Oct 3, 2022",0x536013c57DAF01D78e8a70cAd1B1abAda9411819,"-2,000 USDC",0x682552053c1B6905F3115a8877fB8279145ba4B8,None,-
"Sep 29, 2022",0x536013c57DAF01D78e8a70cAd1B1abAda9411819,"-1,940 USDC",0x53c3f34eDBB06eDaC0c42006D3db15936B6d146f,None,-
"Sep 29, 2022",0x536013c57DAF01D78e8a70cAd1B1abAda9411819,"-4,832 USDC",0xd2cc2e47c2Aecd01C87B83290c0Ee76BA67a7211,None,-
"Sep 29, 2022",0x9B9c249Be04dd433c7e8FbBF5E61E6741b89966D,"-30,000 USDC",0x652E6bd691c6b07A2efb22AD04924664F07c9B9D,None,-
"Aug 30, 2022",0x536013c57DAF01D78e8a70cAd1B1abAda9411819,-560 USDC,0x53c3f34eDBB06eDaC0c42006D3db15936B6d146f,None,-
"Aug 22, 2022",0x2686A8919Df194aA7673244549E68D42C1685d03,"-1,500 ENS",0x9B9c249Be04dd433c7e8FbBF5E61E6741b89966D,None,-
"Aug 22, 2022",0x9B9c249Be04dd433c7e8FbBF5E61E6741b89966D,"+1,500 ENS",0x2686A8919Df194aA7673244549E68D42C1685d03,None,-
"Aug 22, 2022",0x2686A8919Df194aA7673244549E68D42C1685d03,-10.0 ETH,0x9B9c249Be04dd433c7e8FbBF5E61E6741b89966D,None,-
"Aug 22, 2022",0x9B9c249Be04dd433c7e8FbBF5E61E6741b89966D,+10.0 ETH,0x2686A8919Df194aA7673244549E68D42C1685d03,None,-
"Aug 22, 2022",0x2686A8919Df194aA7673244549E68D42C1685d03,"-190,000 USDC",0x9B9c249Be04dd433c7e8FbBF5E61E6741b89966D,None,-
"Aug 22, 2022",0x9B9c249Be04dd433c7e8FbBF5E61E6741b89966D,"+190,000 USDC",0x2686A8919Df194aA7673244549E68D42C1685d03,None,-
"Aug 17, 2022",0x2686A8919Df194aA7673244549E68D42C1685d03,"-50,000 USDC",0x536013c57DAF01D78e8a70cAd1B1abAda9411819,None,-
"Aug 17, 2022",0x536013c57DAF01D78e8a70cAd1B1abAda9411819,"+50,000 USDC",0x2686A8919Df194aA7673244549E68D42C1685d03,None,-
"Aug 17, 2022",0x2686A8919Df194aA7673244549E68D42C1685d03,"-1,000 ENS",0x536013c57DAF01D78e8a70cAd1B1abAda9411819,None,-
"Aug 17, 2022",0x536013c57DAF01D78e8a70cAd1B1abAda9411819,"+1,000 ENS",0x2686A8919Df194aA7673244549E68D42C1685d03,None,-
"Jul 13, 2022",0x536013c57DAF01D78e8a70cAd1B1abAda9411819,"-2,000 USDC",0x1D5460F896521aD685Ea4c3F2c679Ec0b6806359,None,-
"Jul 13, 2022",0x536013c57DAF01D78e8a70cAd1B1abAda9411819,"-2,000 USDC",0x534631Bcf33BDb069fB20A93d2fdb9e4D4dD42CF,None,-
"Jul 13, 2022",0x536013c57DAF01D78e8a70cAd1B1abAda9411819,"-2,000 USDC",0xA7860E99e3ce0752D1ac53b974E309fFf80277C6,None,-
"Jul 2, 2022",0x536013c57DAF01D78e8a70cAd1B1abAda9411819,"+14,200 USDC",0x9718ba71dC1284842fcE66dC3e34DFFC6C630074,None,-